Unnamed: 0,path,start,end,scientific_name,common_name,confidence,group_key,primary_label,true_label,predictions,predicted_label
0,datasets/birdclef_2021/train_soundscapes/2782_SSW_20170701.ogg,18.0,21.0,Dumetella carolinensis,Gray Catbird,0.96863693,20170701.ogg,grycat,0,0.40081427,0
1,datasets/birdclef_2021/train_soundscapes/2782_SSW_20170701.ogg,138.0,141.0,Contopus virens,Eastern Wood-Pewee,0.9113342,20170701.ogg,eawpew,0,0.336238,0
2,datasets/birdclef_2021/train_soundscapes/42907_SSW_20170708.ogg,556.5,559.5,Sphyrapicus varius,Yellow-bellied Sapsucker,0.9411083,20170708.ogg,yebsap,0,0.48690853,0
3,datasets/birdclef_2021/train_soundscapes/28933_SSW_20170408.ogg,3.0,6.0,Melospiza melodia,Song Sparrow,0.96429294,20170408.ogg,sonspa,0,0.3697109,0
4,datasets/birdclef_2021/train_soundscapes/28933_SSW_20170408.ogg,9.0,12.0,Melospiza melodia,Song Sparrow,0.92964756,20170408.ogg,sonspa,0,0.34438637,0
5,datasets/birdclef_2021/train_soundscapes/28933_SSW_20170408.ogg,13.5,16.5,Melospiza melodia,Song Sparrow,0.9292185,20170408.ogg,sonspa,0,0.38416758,0
6,datasets/birdclef_2021/train_soundscapes/28933_SSW_20170408.ogg,18.0,21.0,Melospiza melodia,Song Sparrow,0.9149756,20170408.ogg,sonspa,0,0.23027958,0
7,datasets/birdclef_2021/train_soundscapes/28933_SSW_20170408.ogg,22.5,25.5,Melospiza melodia,Song Sparrow,0.91950923,20170408.ogg,sonspa,0,0.27835086,0
8,datasets/birdclef_2021/train_soundscapes/28933_SSW_20170408.ogg,30.0,33.0,Melospiza melodia,Song Sparrow,0.9432641,20170408.ogg,sonspa,0,0.5178932,0
9,datasets/birdclef_2021/train_soundscapes/28933_SSW_20170408.ogg,31.5,34.5,Melospiza melodia,Song Sparrow,0.95403105,20170408.ogg,sonspa,0,0.7184729,0
10,datasets/birdclef_2021/train_soundscapes/28933_SSW_20170408.ogg,33.0,36.0,Melospiza melodia,Song Sparrow,0.9214245,20170408.ogg,sonspa,0,0.32208946,0
11,datasets/birdclef_2021/train_soundscapes/28933_SSW_20170408.ogg,40.5,43.5,Melospiza melodia,Song Sparrow,0.94429207,20170408.ogg,sonspa,0,0.31938404,0
12,datasets/birdclef_2021/train_soundscapes/28933_SSW_20170408.ogg,48.0,51.0,Melospiza melodia,Song Sparrow,0.9687237,20170408.ogg,sonspa,0,0.37813872,0
13,datasets/birdclef_2021/train_soundscapes/28933_SSW_20170408.ogg,49.5,52.5,Melospiza melodia,Song Sparrow,0.9494087,20170408.ogg,sonspa,0,0.5161777,0
14,datasets/birdclef_2021/train_soundscapes/28933_SSW_20170408.ogg,55.5,58.5,Melospiza melodia,Song Sparrow,0.9666244,20170408.ogg,sonspa,0,0.72833157,0
15,datasets/birdclef_2021/train_soundscapes/28933_SSW_20170408.ogg,64.5,67.5,Melospiza melodia,Song Sparrow,0.9137556,20170408.ogg,sonspa,0,0.6527033,0
16,datasets/birdclef_2021/train_soundscapes/28933_SSW_20170408.ogg,70.5,73.5,Melospiza melodia,Song Sparrow,0.9075615,20170408.ogg,sonspa,0,0.42371988,0
17,datasets/birdclef_2021/train_soundscapes/28933_SSW_20170408.ogg,72.0,75.0,Melospiza melodia,Song Sparrow,0.9410484,20170408.ogg,sonspa,0,0.56836224,0
18,datasets/birdclef_2021/train_soundscapes/28933_SSW_20170408.ogg,73.5,76.5,Melospiza melodia,Song Sparrow,0.9124678,20170408.ogg,sonspa,0,0.60088277,0
19,datasets/birdclef_2021/train_soundscapes/28933_SSW_20170408.ogg,75.0,78.0,Melospiza melodia,Song Sparrow,0.95145667,20170408.ogg,sonspa,0,0.5946763,0
20,datasets/birdclef_2021/train_soundscapes/28933_SSW_20170408.ogg,76.5,79.5,Melospiza melodia,Song Sparrow,0.9404654,20170408.ogg,sonspa,0,0.36554205,0
21,datasets/birdclef_2021/train_soundscapes/28933_SSW_20170408.ogg,78.0,81.0,Melospiza melodia,Song Sparrow,0.9180776,20170408.ogg,sonspa,0,0.31684598,0
22,datasets/birdclef_2021/train_soundscapes/28933_SSW_20170408.ogg,79.5,82.5,Melospiza melodia,Song Sparrow,0.91438377,20170408.ogg,sonspa,0,0.4159388,0
23,datasets/birdclef_2021/train_soundscapes/28933_SSW_20170408.ogg,82.5,85.5,Melospiza melodia,Song Sparrow,0.95708597,20170408.ogg,sonspa,0,0.3466458,0
24,datasets/birdclef_2021/train_soundscapes/28933_SSW_20170408.ogg,84.0,87.0,Melospiza melodia,Song Sparrow,0.92373365,20170408.ogg,sonspa,0,0.31407133,0
25,datasets/birdclef_2021/train_soundscapes/28933_SSW_20170408.ogg,85.5,88.5,Melospiza melodia,Song Sparrow,0.9314506,20170408.ogg,sonspa,0,0.38998252,0
26,datasets/birdclef_2021/train_soundscapes/28933_SSW_20170408.ogg,88.5,91.5,Melospiza melodia,Song Sparrow,0.9419082,20170408.ogg,sonspa,0,0.32836252,0
27,datasets/birdclef_2021/train_soundscapes/28933_SSW_20170408.ogg,93.0,96.0,Melospiza melodia,Song Sparrow,0.9745607,20170408.ogg,sonspa,0,0.25281632,0
28,datasets/birdclef_2021/train_soundscapes/28933_SSW_20170408.ogg,94.5,97.5,Melospiza melodia,Song Sparrow,0.98160326,20170408.ogg,sonspa,0,0.2996896,0
29,datasets/birdclef_2021/train_soundscapes/28933_SSW_20170408.ogg,96.0,99.0,Melospiza melodia,Song Sparrow,0.9330047,20170408.ogg,sonspa,0,0.20421532,0
30,datasets/birdclef_2021/train_soundscapes/28933_SSW_20170408.ogg,100.5,103.5,Melospiza melodia,Song Sparrow,0.9739672,20170408.ogg,sonspa,0,0.21740218,0
31,datasets/birdclef_2021/train_soundscapes/28933_SSW_20170408.ogg,102.0,105.0,Melospiza melodia,Song Sparrow,0.9505688,20170408.ogg,sonspa,0,0.37757796,0
32,datasets/birdclef_2021/train_soundscapes/28933_SSW_20170408.ogg,106.5,109.5,Melospiza melodia,Song Sparrow,0.9053707,20170408.ogg,sonspa,0,0.657815,0
33,datasets/birdclef_2021/train_soundscapes/28933_SSW_20170408.ogg,109.5,112.5,Melospiza melodia,Song Sparrow,0.9609849,20170408.ogg,sonspa,0,0.6048018,0
34,datasets/birdclef_2021/train_soundscapes/28933_SSW_20170408.ogg,111.0,114.0,Melospiza melodia,Song Sparrow,0.9584976,20170408.ogg,sonspa,0,0.24812424,0
35,datasets/birdclef_2021/train_soundscapes/28933_SSW_20170408.ogg,114.0,117.0,Melospiza melodia,Song Sparrow,0.97473663,20170408.ogg,sonspa,0,0.66389,0
36,datasets/birdclef_2021/train_soundscapes/28933_SSW_20170408.ogg,115.5,118.5,Melospiza melodia,Song Sparrow,0.9352949,20170408.ogg,sonspa,0,0.556864,0
37,datasets/birdclef_2021/train_soundscapes/28933_SSW_20170408.ogg,117.0,120.0,Melospiza melodia,Song Sparrow,0.9344345,20170408.ogg,sonspa,0,0.28975213,0
38,datasets/birdclef_2021/train_soundscapes/28933_SSW_20170408.ogg,118.5,121.5,Melospiza melodia,Song Sparrow,0.9845301,20170408.ogg,sonspa,0,0.66968054,0
39,datasets/birdclef_2021/train_soundscapes/28933_SSW_20170408.ogg,120.0,123.0,Melospiza melodia,Song Sparrow,0.97291934,20170408.ogg,sonspa,0,0.20048557,0
40,datasets/birdclef_2021/train_soundscapes/28933_SSW_20170408.ogg,121.5,124.5,Melospiza melodia,Song Sparrow,0.9810451,20170408.ogg,sonspa,0,0.34204862,0
41,datasets/birdclef_2021/train_soundscapes/28933_SSW_20170408.ogg,123.0,126.0,Melospiza melodia,Song Sparrow,0.98972803,20170408.ogg,sonspa,0,0.30084133,0
42,datasets/birdclef_2021/train_soundscapes/28933_SSW_20170408.ogg,124.5,127.5,Melospiza melodia,Song Sparrow,0.9649486,20170408.ogg,sonspa,0,0.5411061,0
43,datasets/birdclef_2021/train_soundscapes/28933_SSW_20170408.ogg,127.5,130.5,Melospiza melodia,Song Sparrow,0.9777134,20170408.ogg,sonspa,0,0.45721337,0
44,datasets/birdclef_2021/train_soundscapes/28933_SSW_20170408.ogg,129.0,132.0,Melospiza melodia,Song Sparrow,0.9761983,20170408.ogg,sonspa,0,0.33601195,0
45,datasets/birdclef_2021/train_soundscapes/28933_SSW_20170408.ogg,130.5,133.5,Melospiza melodia,Song Sparrow,0.98958594,20170408.ogg,sonspa,0,0.32421383,0
46,datasets/birdclef_2021/train_soundscapes/28933_SSW_20170408.ogg,132.0,135.0,Melospiza melodia,Song Sparrow,0.9835543,20170408.ogg,sonspa,0,0.29588133,0
47,datasets/birdclef_2021/train_soundscapes/28933_SSW_20170408.ogg,133.5,136.5,Melospiza melodia,Song Sparrow,0.98447245,20170408.ogg,sonspa,0,0.389367,0
48,datasets/birdclef_2021/train_soundscapes/28933_SSW_20170408.ogg,135.0,138.0,Melospiza melodia,Song Sparrow,0.9670327,20170408.ogg,sonspa,0,0.54071265,0
49,datasets/birdclef_2021/train_soundscapes/28933_SSW_20170408.ogg,136.5,139.5,Melospiza melodia,Song Sparrow,0.93376553,20170408.ogg,sonspa,0,0.42888185,0
50,datasets/birdclef_2021/train_soundscapes/28933_SSW_20170408.ogg,138.0,141.0,Melospiza melodia,Song Sparrow,0.9323172,20170408.ogg,sonspa,0,0.27550876,0
51,datasets/birdclef_2021/train_soundscapes/28933_SSW_20170408.ogg,139.5,142.5,Melospiza melodia,Song Sparrow,0.9490959,20170408.ogg,sonspa,0,0.73613244,0
52,datasets/birdclef_2021/train_soundscapes/28933_SSW_20170408.ogg,142.5,145.5,Melospiza melodia,Song Sparrow,0.9563274,20170408.ogg,sonspa,0,0.3087646,0
53,datasets/birdclef_2021/train_soundscapes/28933_SSW_20170408.ogg,144.0,147.0,Melospiza melodia,Song Sparrow,0.9424347,20170408.ogg,sonspa,0,0.37145835,0
54,datasets/birdclef_2021/train_soundscapes/28933_SSW_20170408.ogg,145.5,148.5,Melospiza melodia,Song Sparrow,0.90542436,20170408.ogg,sonspa,0,0.20294692,0
55,datasets/birdclef_2021/train_soundscapes/28933_SSW_20170408.ogg,147.0,150.0,Melospiza melodia,Song Sparrow,0.955787,20170408.ogg,sonspa,0,0.32543975,0
56,datasets/birdclef_2021/train_soundscapes/28933_SSW_20170408.ogg,148.5,151.5,Melospiza melodia,Song Sparrow,0.9256822,20170408.ogg,sonspa,0,0.40895072,0
57,datasets/birdclef_2021/train_soundscapes/28933_SSW_20170408.ogg,153.0,156.0,Melospiza melodia,Song Sparrow,0.933716,20170408.ogg,sonspa,0,0.47362247,0
58,datasets/birdclef_2021/train_soundscapes/28933_SSW_20170408.ogg,154.5,157.5,Melospiza melodia,Song Sparrow,0.90261734,20170408.ogg,sonspa,0,0.4651116,0
59,datasets/birdclef_2021/train_soundscapes/28933_SSW_20170408.ogg,157.5,160.5,Melospiza melodia,Song Sparrow,0.94490206,20170408.ogg,sonspa,0,0.34450716,0
60,datasets/birdclef_2021/train_soundscapes/28933_SSW_20170408.ogg,159.0,162.0,Melospiza melodia,Song Sparrow,0.97251344,20170408.ogg,sonspa,0,0.44363752,0
61,datasets/birdclef_2021/train_soundscapes/28933_SSW_20170408.ogg,160.5,163.5,Melospiza melodia,Song Sparrow,0.9801135,20170408.ogg,sonspa,0,0.25584412,0
62,datasets/birdclef_2021/train_soundscapes/28933_SSW_20170408.ogg,162.0,165.0,Melospiza melodia,Song Sparrow,0.97791517,20170408.ogg,sonspa,0,0.31445697,0
63,datasets/birdclef_2021/train_soundscapes/28933_SSW_20170408.ogg,163.5,166.5,Melospiza melodia,Song Sparrow,0.9312813,20170408.ogg,sonspa,0,0.34847084,0
64,datasets/birdclef_2021/train_soundscapes/28933_SSW_20170408.ogg,168.0,171.0,Melospiza melodia,Song Sparrow,0.90276015,20170408.ogg,sonspa,0,0.26062238,0
65,datasets/birdclef_2021/train_soundscapes/28933_SSW_20170408.ogg,178.5,181.5,Melospiza melodia,Song Sparrow,0.97535044,20170408.ogg,sonspa,0,0.4546529,0
66,datasets/birdclef_2021/train_soundscapes/28933_SSW_20170408.ogg,180.0,183.0,Melospiza melodia,Song Sparrow,0.9405204,20170408.ogg,sonspa,0,0.44484437,0
67,datasets/birdclef_2021/train_soundscapes/28933_SSW_20170408.ogg,184.5,187.5,Melospiza melodia,Song Sparrow,0.934186,20170408.ogg,sonspa,0,0.34450147,0
68,datasets/birdclef_2021/train_soundscapes/28933_SSW_20170408.ogg,186.0,189.0,Melospiza melodia,Song Sparrow,0.96904916,20170408.ogg,sonspa,0,0.32178274,0
69,datasets/birdclef_2021/train_soundscapes/28933_SSW_20170408.ogg,187.5,190.5,Melospiza melodia,Song Sparrow,0.9378491,20170408.ogg,sonspa,0,0.45525903,0
70,datasets/birdclef_2021/train_soundscapes/28933_SSW_20170408.ogg,204.0,207.0,Melospiza melodia,Song Sparrow,0.9010181,20170408.ogg,sonspa,0,0.7042533,0
71,datasets/birdclef_2021/train_soundscapes/28933_SSW_20170408.ogg,205.5,208.5,Melospiza melodia,Song Sparrow,0.9518719,20170408.ogg,sonspa,0,0.52769077,0
72,datasets/birdclef_2021/train_soundscapes/28933_SSW_20170408.ogg,234.0,237.0,Melospiza melodia,Song Sparrow,0.927189,20170408.ogg,sonspa,0,0.37950695,0
73,datasets/birdclef_2021/train_soundscapes/28933_SSW_20170408.ogg,235.5,238.5,Melospiza melodia,Song Sparrow,0.9336986,20170408.ogg,sonspa,0,0.62171704,0
74,datasets/birdclef_2021/train_soundscapes/28933_SSW_20170408.ogg,283.5,286.5,Melospiza melodia,Song Sparrow,0.9530784,20170408.ogg,sonspa,0,0.40615806,0
75,datasets/birdclef_2021/train_soundscapes/28933_SSW_20170408.ogg,285.0,288.0,Melospiza melodia,Song Sparrow,0.9377739,20170408.ogg,sonspa,0,0.5344267,0
76,datasets/birdclef_2021/train_soundscapes/28933_SSW_20170408.ogg,286.5,289.5,Melospiza melodia,Song Sparrow,0.9851113,20170408.ogg,sonspa,0,0.53857505,0
77,datasets/birdclef_2021/train_soundscapes/28933_SSW_20170408.ogg,288.0,291.0,Melospiza melodia,Song Sparrow,0.98993343,20170408.ogg,sonspa,0,0.3471841,0
78,datasets/birdclef_2021/train_soundscapes/28933_SSW_20170408.ogg,298.5,301.5,Melospiza melodia,Song Sparrow,0.90355617,20170408.ogg,sonspa,0,0.2970574,0
79,datasets/birdclef_2021/train_soundscapes/28933_SSW_20170408.ogg,360.0,363.0,Melospiza melodia,Song Sparrow,0.92006004,20170408.ogg,sonspa,0,0.28752062,0
80,datasets/birdclef_2021/train_soundscapes/28933_SSW_20170408.ogg,373.5,376.5,Melospiza melodia,Song Sparrow,0.91466635,20170408.ogg,sonspa,0,0.5044752,0
81,datasets/birdclef_2021/train_soundscapes/28933_SSW_20170408.ogg,375.0,378.0,Melospiza melodia,Song Sparrow,0.9592079,20170408.ogg,sonspa,0,0.4313466,0
82,datasets/birdclef_2021/train_soundscapes/28933_SSW_20170408.ogg,376.5,379.5,Melospiza melodia,Song Sparrow,0.9689808,20170408.ogg,sonspa,0,0.43835035,0
83,datasets/birdclef_2021/train_soundscapes/28933_SSW_20170408.ogg,378.0,381.0,Melospiza melodia,Song Sparrow,0.9756585,20170408.ogg,sonspa,0,0.549144,0
84,datasets/birdclef_2021/train_soundscapes/28933_SSW_20170408.ogg,390.0,393.0,Melospiza melodia,Song Sparrow,0.91212845,20170408.ogg,sonspa,0,0.41497666,0
85,datasets/birdclef_2021/train_soundscapes/28933_SSW_20170408.ogg,393.0,396.0,Melospiza melodia,Song Sparrow,0.9711482,20170408.ogg,sonspa,0,0.31894404,0
86,datasets/birdclef_2021/train_soundscapes/28933_SSW_20170408.ogg,427.5,430.5,Melospiza melodia,Song Sparrow,0.94342303,20170408.ogg,sonspa,0,0.30480856,0
87,datasets/birdclef_2021/train_soundscapes/28933_SSW_20170408.ogg,450.0,453.0,Melospiza melodia,Song Sparrow,0.9146255,20170408.ogg,sonspa,0,0.28017825,0
88,datasets/birdclef_2021/train_soundscapes/28933_SSW_20170408.ogg,478.5,481.5,Melospiza melodia,Song Sparrow,0.9036426,20170408.ogg,sonspa,0,0.26479205,0
89,datasets/birdclef_2021/train_soundscapes/28933_SSW_20170408.ogg,480.0,483.0,Melospiza melodia,Song Sparrow,0.90936744,20170408.ogg,sonspa,0,0.34968048,0
90,datasets/birdclef_2021/train_soundscapes/28933_SSW_20170408.ogg,517.5,520.5,Melospiza melodia,Song Sparrow,0.93282586,20170408.ogg,sonspa,0,0.44107375,0
91,datasets/birdclef_2021/train_soundscapes/28933_SSW_20170408.ogg,537.0,540.0,Melospiza melodia,Song Sparrow,0.91350603,20170408.ogg,sonspa,0,0.38022068,0
92,datasets/birdclef_2021/train_soundscapes/28933_SSW_20170408.ogg,552.0,555.0,Melospiza melodia,Song Sparrow,0.90574855,20170408.ogg,sonspa,0,0.45357758,0
93,datasets/birdclef_2021/train_soundscapes/28933_SSW_20170408.ogg,553.5,556.5,Melospiza melodia,Song Sparrow,0.94257104,20170408.ogg,sonspa,0,0.54339,0
94,datasets/birdclef_2021/train_soundscapes/28933_SSW_20170408.ogg,583.5,586.5,Melospiza melodia,Song Sparrow,0.9215698,20170408.ogg,sonspa,0,0.48314038,0
95,datasets/birdclef_2021/train_soundscapes/50878_COR_20191004.ogg,400.5,403.5,Aramides cajaneus,Gray-cowled Wood-Rail,0.96187985,20191004.ogg,nocall,0,0.29536033,0
96,datasets/birdclef_2021/train_soundscapes/50878_COR_20191004.ogg,502.5,505.5,Megarynchus pitangua,Boat-billed Flycatcher,0.9653878,20191004.ogg,bobfly1,0,0.49712852,0
97,datasets/birdclef_2021/train_soundscapes/50878_COR_20191004.ogg,586.5,589.5,Megarynchus pitangua,Boat-billed Flycatcher,0.99893075,20191004.ogg,bobfly1,0,0.7421743,0
98,datasets/birdclef_2021/train_soundscapes/50878_COR_20191004.ogg,588.0,591.0,Megarynchus pitangua,Boat-billed Flycatcher,0.9834306,20191004.ogg,bobfly1,0,0.3828696,0
99,datasets/birdclef_2021/train_soundscapes/10534_SSW_20170429.ogg,82.5,85.5,Dryobates pubescens,Downy Woodpecker,0.9769671,20170429.ogg,dowwoo,0,0.68080324,0
100,datasets/birdclef_2021/train_soundscapes/10534_SSW_20170429.ogg,84.0,87.0,Dryobates pubescens,Downy Woodpecker,0.90169305,20170429.ogg,dowwoo,0,0.57977927,0
101,datasets/birdclef_2021/train_soundscapes/10534_SSW_20170429.ogg,321.0,324.0,Dryobates pubescens,Downy Woodpecker,0.9312979,20170429.ogg,dowwoo,0,0.4479919,0
102,datasets/birdclef_2021/train_soundscapes/10534_SSW_20170429.ogg,489.0,492.0,Megaceryle alcyon,Belted Kingfisher,0.9754081,20170429.ogg,belkin1,0,0.5781773,0
103,datasets/birdclef_2021/train_soundscapes/10534_SSW_20170429.ogg,495.0,498.0,Megaceryle alcyon,Belted Kingfisher,0.95648015,20170429.ogg,belkin1,0,0.2877554,0
104,datasets/birdclef_2021/train_soundscapes/57610_COR_20190904.ogg,15.0,18.0,Pheugopedius rutilus,Rufous-breasted Wren,0.90043205,20190904.ogg,rubwre1,0,0.61279386,0
105,datasets/birdclef_2021/train_soundscapes/57610_COR_20190904.ogg,16.5,19.5,Pheugopedius rutilus,Rufous-breasted Wren,0.9554958,20190904.ogg,rubwre1,0,0.48746616,0
106,datasets/birdclef_2021/train_soundscapes/57610_COR_20190904.ogg,99.0,102.0,Momotus lessonii,Lesson's Motmot,0.9780732,20190904.ogg,bucmot2,0,0.63010985,0
107,datasets/birdclef_2021/train_soundscapes/57610_COR_20190904.ogg,100.5,103.5,Momotus lessonii,Lesson's Motmot,0.9463994,20190904.ogg,bucmot2,0,0.5702439,0
108,datasets/birdclef_2021/train_soundscapes/57610_COR_20190904.ogg,102.0,105.0,Momotus lessonii,Lesson's Motmot,0.90287054,20190904.ogg,bucmot2,0,0.67844135,0
109,datasets/birdclef_2021/train_soundscapes/57610_COR_20190904.ogg,105.0,108.0,Momotus lessonii,Lesson's Motmot,0.9823532,20190904.ogg,bucmot2,0,0.58440983,0
110,datasets/birdclef_2021/train_soundscapes/57610_COR_20190904.ogg,106.5,109.5,Momotus lessonii,Lesson's Motmot,0.92183167,20190904.ogg,bucmot2,0,0.4144559,0
111,datasets/birdclef_2021/train_soundscapes/57610_COR_20190904.ogg,108.0,111.0,Momotus lessonii,Lesson's Motmot,0.98520315,20190904.ogg,bucmot2,0,0.44885278,0
112,datasets/birdclef_2021/train_soundscapes/57610_COR_20190904.ogg,109.5,112.5,Momotus lessonii,Lesson's Motmot,0.98792124,20190904.ogg,bucmot2,0,0.5927911,0
113,datasets/birdclef_2021/train_soundscapes/57610_COR_20190904.ogg,111.0,114.0,Momotus lessonii,Lesson's Motmot,0.97395676,20190904.ogg,bucmot2,0,0.44406524,0
114,datasets/birdclef_2021/train_soundscapes/57610_COR_20190904.ogg,472.5,475.5,Catharus aurantiirostris,Orange-billed Nightingale-Thrush,0.9596476,20190904.ogg,obnthr1,0,0.60100335,0
115,datasets/birdclef_2021/train_soundscapes/57610_COR_20190904.ogg,477.0,480.0,Catharus aurantiirostris,Orange-billed Nightingale-Thrush,0.97255176,20190904.ogg,obnthr1,0,0.70350957,0
116,datasets/birdclef_2021/train_soundscapes/57610_COR_20190904.ogg,481.5,484.5,Catharus aurantiirostris,Orange-billed Nightingale-Thrush,0.93168575,20190904.ogg,obnthr1,0,0.6293163,0
117,datasets/birdclef_2021/train_soundscapes/57610_COR_20190904.ogg,489.0,492.0,Catharus aurantiirostris,Orange-billed Nightingale-Thrush,0.9292935,20190904.ogg,obnthr1,0,0.58873624,0
118,datasets/birdclef_2021/train_soundscapes/57610_COR_20190904.ogg,496.5,499.5,Catharus aurantiirostris,Orange-billed Nightingale-Thrush,0.904243,20190904.ogg,obnthr1,0,0.63138276,0
119,datasets/birdclef_2021/train_soundscapes/57610_COR_20190904.ogg,505.5,508.5,Catharus aurantiirostris,Orange-billed Nightingale-Thrush,0.95356774,20190904.ogg,obnthr1,0,0.6378857,0
120,datasets/birdclef_2021/train_soundscapes/57610_COR_20190904.ogg,507.0,510.0,Catharus aurantiirostris,Orange-billed Nightingale-Thrush,0.9691859,20190904.ogg,obnthr1,0,0.4658224,0
121,datasets/birdclef_2021/train_soundscapes/57610_COR_20190904.ogg,511.5,514.5,Catharus aurantiirostris,Orange-billed Nightingale-Thrush,0.95949304,20190904.ogg,obnthr1,0,0.5725034,0
122,datasets/birdclef_2021/train_soundscapes/57610_COR_20190904.ogg,516.0,519.0,Catharus aurantiirostris,Orange-billed Nightingale-Thrush,0.90499717,20190904.ogg,obnthr1,0,0.65387803,0
123,datasets/birdclef_2021/train_soundscapes/57610_COR_20190904.ogg,519.0,522.0,Catharus aurantiirostris,Orange-billed Nightingale-Thrush,0.9655844,20190904.ogg,obnthr1,0,0.4369144,0
124,datasets/birdclef_2021/train_soundscapes/57610_COR_20190904.ogg,520.5,523.5,Catharus aurantiirostris,Orange-billed Nightingale-Thrush,0.9530854,20190904.ogg,obnthr1,0,0.41858184,0
125,datasets/birdclef_2021/train_soundscapes/26746_COR_20191004.ogg,3.0,6.0,Megarynchus pitangua,Boat-billed Flycatcher,0.98400754,20191004.ogg,bobfly1,0,0.46149364,0
126,datasets/birdclef_2021/train_soundscapes/26746_COR_20191004.ogg,4.5,7.5,Megarynchus pitangua,Boat-billed Flycatcher,0.9950191,20191004.ogg,bobfly1,0,0.497405,0
127,datasets/birdclef_2021/train_soundscapes/26746_COR_20191004.ogg,7.5,10.5,Megarynchus pitangua,Boat-billed Flycatcher,0.9804452,20191004.ogg,bobfly1,0,0.3804682,0
128,datasets/birdclef_2021/train_soundscapes/26746_COR_20191004.ogg,9.0,12.0,Megarynchus pitangua,Boat-billed Flycatcher,0.99806696,20191004.ogg,bobfly1,0,0.41134983,0
129,datasets/birdclef_2021/train_soundscapes/26746_COR_20191004.ogg,10.5,13.5,Megarynchus pitangua,Boat-billed Flycatcher,0.98248464,20191004.ogg,bobfly1,0,0.51201767,0
130,datasets/birdclef_2021/train_soundscapes/26746_COR_20191004.ogg,15.0,18.0,Basileuterus rufifrons,Rufous-capped Warbler,0.93677723,20191004.ogg,rucwar,1,0.560082,0
131,datasets/birdclef_2021/train_soundscapes/26746_COR_20191004.ogg,22.5,25.5,Basileuterus rufifrons,Rufous-capped Warbler,0.9158373,20191004.ogg,rucwar,1,0.5048201,0
132,datasets/birdclef_2021/train_soundscapes/26746_COR_20191004.ogg,24.0,27.0,Megarynchus pitangua,Boat-billed Flycatcher,0.9734389,20191004.ogg,bobfly1,0,0.5852677,0
133,datasets/birdclef_2021/train_soundscapes/26746_COR_20191004.ogg,25.5,28.5,Megarynchus pitangua,Boat-billed Flycatcher,0.92114604,20191004.ogg,bobfly1,0,0.34978122,0
134,datasets/birdclef_2021/train_soundscapes/26746_COR_20191004.ogg,28.5,31.5,Megarynchus pitangua,Boat-billed Flycatcher,0.99536526,20191004.ogg,bobfly1,0,0.48380658,0
135,datasets/birdclef_2021/train_soundscapes/26746_COR_20191004.ogg,30.0,33.0,Megarynchus pitangua,Boat-billed Flycatcher,0.9904612,20191004.ogg,bobfly1,0,0.33054733,0
136,datasets/birdclef_2021/train_soundscapes/26746_COR_20191004.ogg,39.0,42.0,Basileuterus rufifrons,Rufous-capped Warbler,0.9214721,20191004.ogg,rucwar,1,0.45971924,0
137,datasets/birdclef_2021/train_soundscapes/26746_COR_20191004.ogg,45.0,48.0,Basileuterus rufifrons,Rufous-capped Warbler,0.945318,20191004.ogg,rucwar,1,0.43762565,0
138,datasets/birdclef_2021/train_soundscapes/26746_COR_20191004.ogg,46.5,49.5,Basileuterus rufifrons,Rufous-capped Warbler,0.95843464,20191004.ogg,rucwar,1,0.51511115,0
139,datasets/birdclef_2021/train_soundscapes/26746_COR_20191004.ogg,49.5,52.5,Megarynchus pitangua,Boat-billed Flycatcher,0.9695933,20191004.ogg,bobfly1,0,0.57421845,0
140,datasets/birdclef_2021/train_soundscapes/26746_COR_20191004.ogg,51.0,54.0,Megarynchus pitangua,Boat-billed Flycatcher,0.9977301,20191004.ogg,bobfly1,0,0.46398532,0
141,datasets/birdclef_2021/train_soundscapes/26746_COR_20191004.ogg,52.5,55.5,Megarynchus pitangua,Boat-billed Flycatcher,0.995456,20191004.ogg,bobfly1,0,0.7052823,0
142,datasets/birdclef_2021/train_soundscapes/26746_COR_20191004.ogg,61.5,64.5,Megarynchus pitangua,Boat-billed Flycatcher,0.94829744,20191004.ogg,bobfly1,0,0.62632203,0
143,datasets/birdclef_2021/train_soundscapes/26746_COR_20191004.ogg,63.0,66.0,Megarynchus pitangua,Boat-billed Flycatcher,0.95596325,20191004.ogg,bobfly1,0,0.59529626,0
144,datasets/birdclef_2021/train_soundscapes/26746_COR_20191004.ogg,66.0,69.0,Basileuterus rufifrons,Rufous-capped Warbler,0.960234,20191004.ogg,rucwar,1,0.49362728,0
145,datasets/birdclef_2021/train_soundscapes/26746_COR_20191004.ogg,76.5,79.5,Basileuterus rufifrons,Rufous-capped Warbler,0.9556458,20191004.ogg,rucwar,1,0.42744857,0
146,datasets/birdclef_2021/train_soundscapes/26746_COR_20191004.ogg,78.0,81.0,Basileuterus rufifrons,Rufous-capped Warbler,0.9193516,20191004.ogg,rucwar,1,0.5788941,0
147,datasets/birdclef_2021/train_soundscapes/26746_COR_20191004.ogg,87.0,90.0,Megarynchus pitangua,Boat-billed Flycatcher,0.93120575,20191004.ogg,bobfly1,0,0.55459,0
148,datasets/birdclef_2021/train_soundscapes/26746_COR_20191004.ogg,114.0,117.0,Megarynchus pitangua,Boat-billed Flycatcher,0.9804068,20191004.ogg,bobfly1,0,0.4693064,0
149,datasets/birdclef_2021/train_soundscapes/26746_COR_20191004.ogg,115.5,118.5,Megarynchus pitangua,Boat-billed Flycatcher,0.9854461,20191004.ogg,bobfly1,0,0.6525096,0
150,datasets/birdclef_2021/train_soundscapes/26746_COR_20191004.ogg,117.0,120.0,Megarynchus pitangua,Boat-billed Flycatcher,0.9933149,20191004.ogg,bobfly1,0,0.56009126,0
151,datasets/birdclef_2021/train_soundscapes/26746_COR_20191004.ogg,118.5,121.5,Megarynchus pitangua,Boat-billed Flycatcher,0.98853904,20191004.ogg,bobfly1,0,0.34448716,0
152,datasets/birdclef_2021/train_soundscapes/26746_COR_20191004.ogg,126.0,129.0,Basileuterus rufifrons,Rufous-capped Warbler,0.9694233,20191004.ogg,rucwar,1,0.4149157,0
153,datasets/birdclef_2021/train_soundscapes/26746_COR_20191004.ogg,129.0,132.0,Megarynchus pitangua,Boat-billed Flycatcher,0.97046745,20191004.ogg,bobfly1,0,0.40691152,0
154,datasets/birdclef_2021/train_soundscapes/26746_COR_20191004.ogg,172.5,175.5,Basileuterus rufifrons,Rufous-capped Warbler,0.94402117,20191004.ogg,rucwar,1,0.6016049,0
155,datasets/birdclef_2021/train_soundscapes/26746_COR_20191004.ogg,180.0,183.0,Basileuterus rufifrons,Rufous-capped Warbler,0.9275381,20191004.ogg,rucwar,1,0.70735496,0
156,datasets/birdclef_2021/train_soundscapes/26746_COR_20191004.ogg,186.0,189.0,Basileuterus rufifrons,Rufous-capped Warbler,0.97266495,20191004.ogg,rucwar,1,0.26583275,0
157,datasets/birdclef_2021/train_soundscapes/26746_COR_20191004.ogg,192.0,195.0,Basileuterus rufifrons,Rufous-capped Warbler,0.93206763,20191004.ogg,rucwar,1,0.64738816,0
158,datasets/birdclef_2021/train_soundscapes/26746_COR_20191004.ogg,226.5,229.5,Megarynchus pitangua,Boat-billed Flycatcher,0.9169379,20191004.ogg,bobfly1,0,0.7380673,0
159,datasets/birdclef_2021/train_soundscapes/26746_COR_20191004.ogg,228.0,231.0,Megarynchus pitangua,Boat-billed Flycatcher,0.9673391,20191004.ogg,bobfly1,0,0.6323598,0
160,datasets/birdclef_2021/train_soundscapes/26746_COR_20191004.ogg,307.5,310.5,Megarynchus pitangua,Boat-billed Flycatcher,0.9209897,20191004.ogg,bobfly1,0,0.89036477,0
161,datasets/birdclef_2021/train_soundscapes/26746_COR_20191004.ogg,318.0,321.0,Megarynchus pitangua,Boat-billed Flycatcher,0.9607972,20191004.ogg,bobfly1,0,0.731293,0
162,datasets/birdclef_2021/train_soundscapes/26746_COR_20191004.ogg,352.5,355.5,Megarynchus pitangua,Boat-billed Flycatcher,0.9057011,20191004.ogg,bobfly1,0,0.3842272,0
163,datasets/birdclef_2021/train_soundscapes/26746_COR_20191004.ogg,354.0,357.0,Megarynchus pitangua,Boat-billed Flycatcher,0.94248515,20191004.ogg,bobfly1,0,0.32153285,0
164,datasets/birdclef_2021/train_soundscapes/44957_COR_20190923.ogg,10.5,13.5,Megarynchus pitangua,Boat-billed Flycatcher,0.943332,20190923.ogg,bobfly1,0,0.71179885,0
165,datasets/birdclef_2021/train_soundscapes/44957_COR_20190923.ogg,16.5,19.5,Megarynchus pitangua,Boat-billed Flycatcher,0.9963462,20190923.ogg,bobfly1,0,0.54029614,0
166,datasets/birdclef_2021/train_soundscapes/44957_COR_20190923.ogg,18.0,21.0,Megarynchus pitangua,Boat-billed Flycatcher,0.98647517,20190923.ogg,bobfly1,0,0.6563127,0
167,datasets/birdclef_2021/train_soundscapes/44957_COR_20190923.ogg,19.5,22.5,Megarynchus pitangua,Boat-billed Flycatcher,0.9978263,20190923.ogg,bobfly1,0,0.431641,0
168,datasets/birdclef_2021/train_soundscapes/44957_COR_20190923.ogg,21.0,24.0,Megarynchus pitangua,Boat-billed Flycatcher,0.98720145,20190923.ogg,bobfly1,0,0.37610918,0
169,datasets/birdclef_2021/train_soundscapes/44957_COR_20190923.ogg,25.5,28.5,Megarynchus pitangua,Boat-billed Flycatcher,0.99640816,20190923.ogg,bobfly1,0,0.7361356,0
170,datasets/birdclef_2021/train_soundscapes/44957_COR_20190923.ogg,27.0,30.0,Megarynchus pitangua,Boat-billed Flycatcher,0.9990113,20190923.ogg,bobfly1,0,0.35495827,0
171,datasets/birdclef_2021/train_soundscapes/44957_COR_20190923.ogg,34.5,37.5,Megarynchus pitangua,Boat-billed Flycatcher,0.91639537,20190923.ogg,bobfly1,0,0.36566484,0
172,datasets/birdclef_2021/train_soundscapes/44957_COR_20190923.ogg,36.0,39.0,Megarynchus pitangua,Boat-billed Flycatcher,0.9996542,20190923.ogg,bobfly1,0,0.6812349,0
173,datasets/birdclef_2021/train_soundscapes/44957_COR_20190923.ogg,37.5,40.5,Megarynchus pitangua,Boat-billed Flycatcher,0.9689812,20190923.ogg,bobfly1,0,0.75458395,0
174,datasets/birdclef_2021/train_soundscapes/44957_COR_20190923.ogg,42.0,45.0,Megarynchus pitangua,Boat-billed Flycatcher,0.9732838,20190923.ogg,bobfly1,0,0.66138405,0
175,datasets/birdclef_2021/train_soundscapes/44957_COR_20190923.ogg,46.5,49.5,Megarynchus pitangua,Boat-billed Flycatcher,0.98661405,20190923.ogg,bobfly1,0,0.37727714,0
176,datasets/birdclef_2021/train_soundscapes/44957_COR_20190923.ogg,51.0,54.0,Megarynchus pitangua,Boat-billed Flycatcher,0.9140492,20190923.ogg,bobfly1,0,0.48729476,0
177,datasets/birdclef_2021/train_soundscapes/44957_COR_20190923.ogg,52.5,55.5,Megarynchus pitangua,Boat-billed Flycatcher,0.9159858,20190923.ogg,bobfly1,0,0.8100341,0
178,datasets/birdclef_2021/train_soundscapes/44957_COR_20190923.ogg,55.5,58.5,Megarynchus pitangua,Boat-billed Flycatcher,0.93830764,20190923.ogg,bobfly1,0,0.34779078,0
179,datasets/birdclef_2021/train_soundscapes/44957_COR_20190923.ogg,57.0,60.0,Megarynchus pitangua,Boat-billed Flycatcher,0.97370195,20190923.ogg,bobfly1,0,0.5920772,0
180,datasets/birdclef_2021/train_soundscapes/44957_COR_20190923.ogg,60.0,63.0,Megarynchus pitangua,Boat-billed Flycatcher,0.9611507,20190923.ogg,bobfly1,0,0.44359225,0
181,datasets/birdclef_2021/train_soundscapes/44957_COR_20190923.ogg,61.5,64.5,Megarynchus pitangua,Boat-billed Flycatcher,0.97956663,20190923.ogg,bobfly1,0,0.27323455,0
182,datasets/birdclef_2021/train_soundscapes/44957_COR_20190923.ogg,63.0,66.0,Megarynchus pitangua,Boat-billed Flycatcher,0.9418273,20190923.ogg,bobfly1,0,0.3758756,0
183,datasets/birdclef_2021/train_soundscapes/44957_COR_20190923.ogg,64.5,67.5,Megarynchus pitangua,Boat-billed Flycatcher,0.983201,20190923.ogg,bobfly1,0,0.3906283,0
184,datasets/birdclef_2021/train_soundscapes/44957_COR_20190923.ogg,66.0,69.0,Megarynchus pitangua,Boat-billed Flycatcher,0.9993591,20190923.ogg,bobfly1,0,0.5515492,0
185,datasets/birdclef_2021/train_soundscapes/44957_COR_20190923.ogg,67.5,70.5,Megarynchus pitangua,Boat-billed Flycatcher,0.9942473,20190923.ogg,bobfly1,0,0.5919979,0
186,datasets/birdclef_2021/train_soundscapes/44957_COR_20190923.ogg,69.0,72.0,Megarynchus pitangua,Boat-billed Flycatcher,0.9960355,20190923.ogg,bobfly1,0,0.50843716,0
187,datasets/birdclef_2021/train_soundscapes/44957_COR_20190923.ogg,70.5,73.5,Megarynchus pitangua,Boat-billed Flycatcher,0.96767366,20190923.ogg,bobfly1,0,0.38448182,0
188,datasets/birdclef_2021/train_soundscapes/44957_COR_20190923.ogg,72.0,75.0,Megarynchus pitangua,Boat-billed Flycatcher,0.9908187,20190923.ogg,bobfly1,0,0.27985764,0
189,datasets/birdclef_2021/train_soundscapes/44957_COR_20190923.ogg,73.5,76.5,Megarynchus pitangua,Boat-billed Flycatcher,0.97909206,20190923.ogg,bobfly1,0,0.62435985,0
190,datasets/birdclef_2021/train_soundscapes/44957_COR_20190923.ogg,75.0,78.0,Megarynchus pitangua,Boat-billed Flycatcher,0.9143174,20190923.ogg,bobfly1,0,0.33109167,0
191,datasets/birdclef_2021/train_soundscapes/44957_COR_20190923.ogg,76.5,79.5,Megarynchus pitangua,Boat-billed Flycatcher,0.97576106,20190923.ogg,bobfly1,0,0.47182325,0
192,datasets/birdclef_2021/train_soundscapes/44957_COR_20190923.ogg,93.0,96.0,Megarynchus pitangua,Boat-billed Flycatcher,0.98929405,20190923.ogg,bobfly1,0,0.56117874,0
193,datasets/birdclef_2021/train_soundscapes/44957_COR_20190923.ogg,112.5,115.5,Pitangus sulphuratus,Great Kiskadee,0.933359,20190923.ogg,grekis,0,0.62830716,0
194,datasets/birdclef_2021/train_soundscapes/44957_COR_20190923.ogg,114.0,117.0,Pitangus sulphuratus,Great Kiskadee,0.93275076,20190923.ogg,grekis,0,0.6052511,0
195,datasets/birdclef_2021/train_soundscapes/44957_COR_20190923.ogg,115.5,118.5,Pitangus sulphuratus,Great Kiskadee,0.9346443,20190923.ogg,grekis,0,0.5108916,0
196,datasets/birdclef_2021/train_soundscapes/44957_COR_20190923.ogg,235.5,238.5,Megarynchus pitangua,Boat-billed Flycatcher,0.90751404,20190923.ogg,bobfly1,0,0.52712256,0
197,datasets/birdclef_2021/train_soundscapes/44957_COR_20190923.ogg,252.0,255.0,Megarynchus pitangua,Boat-billed Flycatcher,0.9818491,20190923.ogg,bobfly1,0,0.7614271,0
198,datasets/birdclef_2021/train_soundscapes/44957_COR_20190923.ogg,253.5,256.5,Megarynchus pitangua,Boat-billed Flycatcher,0.9661194,20190923.ogg,bobfly1,0,0.6230338,0
199,datasets/birdclef_2021/train_soundscapes/44957_COR_20190923.ogg,256.5,259.5,Megarynchus pitangua,Boat-billed Flycatcher,0.9120498,20190923.ogg,bobfly1,0,0.5587521,0
200,datasets/birdclef_2021/train_soundscapes/44957_COR_20190923.ogg,258.0,261.0,Megarynchus pitangua,Boat-billed Flycatcher,0.9926109,20190923.ogg,bobfly1,0,0.6764572,0
201,datasets/birdclef_2021/train_soundscapes/44957_COR_20190923.ogg,262.5,265.5,Megarynchus pitangua,Boat-billed Flycatcher,0.92490506,20190923.ogg,bobfly1,0,0.6699274,0
202,datasets/birdclef_2021/train_soundscapes/44957_COR_20190923.ogg,271.5,274.5,Megarynchus pitangua,Boat-billed Flycatcher,0.93930477,20190923.ogg,bobfly1,0,0.42426834,0
203,datasets/birdclef_2021/train_soundscapes/44957_COR_20190923.ogg,282.0,285.0,Megarynchus pitangua,Boat-billed Flycatcher,0.9241068,20190923.ogg,bobfly1,0,0.37742326,0
204,datasets/birdclef_2021/train_soundscapes/44957_COR_20190923.ogg,283.5,286.5,Megarynchus pitangua,Boat-billed Flycatcher,0.96134555,20190923.ogg,bobfly1,0,0.5914758,0
205,datasets/birdclef_2021/train_soundscapes/44957_COR_20190923.ogg,288.0,291.0,Megarynchus pitangua,Boat-billed Flycatcher,0.99433017,20190923.ogg,bobfly1,0,0.4429991,0
206,datasets/birdclef_2021/train_soundscapes/44957_COR_20190923.ogg,289.5,292.5,Megarynchus pitangua,Boat-billed Flycatcher,0.9853463,20190923.ogg,bobfly1,0,0.68781,0
207,datasets/birdclef_2021/train_soundscapes/44957_COR_20190923.ogg,291.0,294.0,Megarynchus pitangua,Boat-billed Flycatcher,0.9162424,20190923.ogg,bobfly1,0,0.83950233,0
208,datasets/birdclef_2021/train_soundscapes/44957_COR_20190923.ogg,292.5,295.5,Megarynchus pitangua,Boat-billed Flycatcher,0.94069815,20190923.ogg,bobfly1,0,0.63881326,0
209,datasets/birdclef_2021/train_soundscapes/44957_COR_20190923.ogg,294.0,297.0,Megarynchus pitangua,Boat-billed Flycatcher,0.9869761,20190923.ogg,bobfly1,0,0.5741991,0
210,datasets/birdclef_2021/train_soundscapes/44957_COR_20190923.ogg,295.5,298.5,Megarynchus pitangua,Boat-billed Flycatcher,0.94811517,20190923.ogg,bobfly1,0,0.6919508,0
211,datasets/birdclef_2021/train_soundscapes/44957_COR_20190923.ogg,304.5,307.5,Megarynchus pitangua,Boat-billed Flycatcher,0.98848724,20190923.ogg,bobfly1,0,0.6197934,0
212,datasets/birdclef_2021/train_soundscapes/44957_COR_20190923.ogg,306.0,309.0,Megarynchus pitangua,Boat-billed Flycatcher,0.9239507,20190923.ogg,bobfly1,0,0.730796,0
213,datasets/birdclef_2021/train_soundscapes/44957_COR_20190923.ogg,381.0,384.0,Megarynchus pitangua,Boat-billed Flycatcher,0.9582557,20190923.ogg,bobfly1,0,0.89780474,0
214,datasets/birdclef_2021/train_soundscapes/44957_COR_20190923.ogg,391.5,394.5,Megarynchus pitangua,Boat-billed Flycatcher,0.91405916,20190923.ogg,bobfly1,0,0.8728107,0
215,datasets/birdclef_2021/train_soundscapes/44957_COR_20190923.ogg,393.0,396.0,Megarynchus pitangua,Boat-billed Flycatcher,0.9781563,20190923.ogg,bobfly1,0,0.7010362,0
216,datasets/birdclef_2021/train_soundscapes/44957_COR_20190923.ogg,394.5,397.5,Megarynchus pitangua,Boat-billed Flycatcher,0.997624,20190923.ogg,bobfly1,0,0.5009763,0
217,datasets/birdclef_2021/train_soundscapes/44957_COR_20190923.ogg,397.5,400.5,Megarynchus pitangua,Boat-billed Flycatcher,0.90535086,20190923.ogg,bobfly1,0,0.7590211,0
218,datasets/birdclef_2021/train_soundscapes/44957_COR_20190923.ogg,399.0,402.0,Megarynchus pitangua,Boat-billed Flycatcher,0.9507319,20190923.ogg,bobfly1,0,0.7551433,0
219,datasets/birdclef_2021/train_soundscapes/44957_COR_20190923.ogg,411.0,414.0,Megarynchus pitangua,Boat-billed Flycatcher,0.9949995,20190923.ogg,bobfly1,0,0.79041904,0
220,datasets/birdclef_2021/train_soundscapes/44957_COR_20190923.ogg,412.5,415.5,Megarynchus pitangua,Boat-billed Flycatcher,0.96526086,20190923.ogg,bobfly1,0,0.8642568,0
221,datasets/birdclef_2021/train_soundscapes/44957_COR_20190923.ogg,414.0,417.0,Megarynchus pitangua,Boat-billed Flycatcher,0.9872705,20190923.ogg,bobfly1,0,0.71222395,0
222,datasets/birdclef_2021/train_soundscapes/44957_COR_20190923.ogg,415.5,418.5,Megarynchus pitangua,Boat-billed Flycatcher,0.99827135,20190923.ogg,bobfly1,0,0.9074422,0
223,datasets/birdclef_2021/train_soundscapes/44957_COR_20190923.ogg,417.0,420.0,Megarynchus pitangua,Boat-billed Flycatcher,0.9705616,20190923.ogg,bobfly1,0,0.9185915,0
224,datasets/birdclef_2021/train_soundscapes/44957_COR_20190923.ogg,426.0,429.0,Megarynchus pitangua,Boat-billed Flycatcher,0.9815336,20190923.ogg,bobfly1,0,0.8861355,0
225,datasets/birdclef_2021/train_soundscapes/44957_COR_20190923.ogg,427.5,430.5,Megarynchus pitangua,Boat-billed Flycatcher,0.99882334,20190923.ogg,bobfly1,0,0.5878997,0
226,datasets/birdclef_2021/train_soundscapes/44957_COR_20190923.ogg,429.0,432.0,Megarynchus pitangua,Boat-billed Flycatcher,0.9958819,20190923.ogg,bobfly1,0,0.6870045,0
227,datasets/birdclef_2021/train_soundscapes/44957_COR_20190923.ogg,430.5,433.5,Megarynchus pitangua,Boat-billed Flycatcher,0.9399198,20190923.ogg,bobfly1,0,0.72006404,0
228,datasets/birdclef_2021/train_soundscapes/44957_COR_20190923.ogg,432.0,435.0,Megarynchus pitangua,Boat-billed Flycatcher,0.9793832,20190923.ogg,bobfly1,0,0.7345344,0
229,datasets/birdclef_2021/train_soundscapes/44957_COR_20190923.ogg,433.5,436.5,Megarynchus pitangua,Boat-billed Flycatcher,0.96528184,20190923.ogg,bobfly1,0,0.7553568,0
230,datasets/birdclef_2021/train_soundscapes/44957_COR_20190923.ogg,459.0,462.0,Megarynchus pitangua,Boat-billed Flycatcher,0.97446465,20190923.ogg,bobfly1,0,0.7867343,0
231,datasets/birdclef_2021/train_soundscapes/44957_COR_20190923.ogg,460.5,463.5,Megarynchus pitangua,Boat-billed Flycatcher,0.99036974,20190923.ogg,bobfly1,0,0.62493074,0
232,datasets/birdclef_2021/train_soundscapes/44957_COR_20190923.ogg,462.0,465.0,Megarynchus pitangua,Boat-billed Flycatcher,0.9853982,20190923.ogg,bobfly1,0,0.782549,0
233,datasets/birdclef_2021/train_soundscapes/44957_COR_20190923.ogg,465.0,468.0,Megarynchus pitangua,Boat-billed Flycatcher,0.9586899,20190923.ogg,bobfly1,0,0.8420596,0
234,datasets/birdclef_2021/train_soundscapes/44957_COR_20190923.ogg,571.5,574.5,Psilorhinus morio,Brown Jay,0.93328136,20190923.ogg,brnjay,0,0.80788463,0
235,datasets/birdclef_2021/train_soundscapes/44957_COR_20190923.ogg,573.0,576.0,Psilorhinus morio,Brown Jay,0.9814886,20190923.ogg,brnjay,0,0.80937487,0
236,datasets/birdclef_2021/train_soundscapes/44957_COR_20190923.ogg,574.5,577.5,Psilorhinus morio,Brown Jay,0.99916244,20190923.ogg,brnjay,0,0.66558415,0
237,datasets/birdclef_2021/train_soundscapes/44957_COR_20190923.ogg,576.0,579.0,Psilorhinus morio,Brown Jay,0.9976738,20190923.ogg,brnjay,0,0.54209006,0
238,datasets/birdclef_2021/train_soundscapes/11254_COR_20190904.ogg,1.5,4.5,Pheugopedius rutilus,Rufous-breasted Wren,0.96669567,20190904.ogg,rubwre1,0,0.5674722,0
239,datasets/birdclef_2021/train_soundscapes/11254_COR_20190904.ogg,22.5,25.5,Pheugopedius rutilus,Rufous-breasted Wren,0.96673936,20190904.ogg,rubwre1,0,0.5579571,0
240,datasets/birdclef_2021/train_soundscapes/11254_COR_20190904.ogg,133.5,136.5,Catharus aurantiirostris,Orange-billed Nightingale-Thrush,0.97404975,20190904.ogg,obnthr1,0,0.42236125,0
241,datasets/birdclef_2021/train_soundscapes/11254_COR_20190904.ogg,135.0,138.0,Catharus aurantiirostris,Orange-billed Nightingale-Thrush,0.9490477,20190904.ogg,obnthr1,0,0.44920594,0
242,datasets/birdclef_2021/train_soundscapes/11254_COR_20190904.ogg,139.5,142.5,Catharus aurantiirostris,Orange-billed Nightingale-Thrush,0.97795355,20190904.ogg,obnthr1,0,0.5186951,0
243,datasets/birdclef_2021/train_soundscapes/11254_COR_20190904.ogg,144.0,147.0,Catharus aurantiirostris,Orange-billed Nightingale-Thrush,0.9044111,20190904.ogg,obnthr1,0,0.60077304,0
244,datasets/birdclef_2021/train_soundscapes/11254_COR_20190904.ogg,150.0,153.0,Catharus aurantiirostris,Orange-billed Nightingale-Thrush,0.95183754,20190904.ogg,obnthr1,0,0.5383813,0
245,datasets/birdclef_2021/train_soundscapes/11254_COR_20190904.ogg,151.5,154.5,Catharus aurantiirostris,Orange-billed Nightingale-Thrush,0.9584064,20190904.ogg,obnthr1,0,0.7662863,0
246,datasets/birdclef_2021/train_soundscapes/11254_COR_20190904.ogg,156.0,159.0,Catharus aurantiirostris,Orange-billed Nightingale-Thrush,0.9076855,20190904.ogg,obnthr1,0,0.6096028,0
247,datasets/birdclef_2021/train_soundscapes/11254_COR_20190904.ogg,157.5,160.5,Catharus aurantiirostris,Orange-billed Nightingale-Thrush,0.95217776,20190904.ogg,obnthr1,0,0.59306926,0
248,datasets/birdclef_2021/train_soundscapes/11254_COR_20190904.ogg,162.0,165.0,Catharus aurantiirostris,Orange-billed Nightingale-Thrush,0.95953345,20190904.ogg,obnthr1,0,0.42007723,0
249,datasets/birdclef_2021/train_soundscapes/11254_COR_20190904.ogg,511.5,514.5,Pheugopedius rutilus,Rufous-breasted Wren,0.93532413,20190904.ogg,rubwre1,0,0.38097668,0
250,datasets/birdclef_2021/train_soundscapes/11254_COR_20190904.ogg,513.0,516.0,Pheugopedius rutilus,Rufous-breasted Wren,0.925257,20190904.ogg,rubwre1,0,0.5538508,0
251,datasets/birdclef_2021/train_soundscapes/11254_COR_20190904.ogg,516.0,519.0,Pheugopedius rutilus,Rufous-breasted Wren,0.9514656,20190904.ogg,rubwre1,0,0.27714935,0
252,datasets/birdclef_2021/train_soundscapes/51010_SSW_20170513.ogg,283.5,286.5,Icterus galbula,Baltimore Oriole,0.90765387,20170513.ogg,balori,0,0.31115234,0
253,datasets/birdclef_2021/train_soundscapes/51010_SSW_20170513.ogg,414.0,417.0,Dumetella carolinensis,Gray Catbird,0.96983767,20170513.ogg,grycat,0,0.33580464,0
254,datasets/birdclef_2021/train_soundscapes/21767_COR_20190904.ogg,9.0,12.0,Basileuterus rufifrons,Rufous-capped Warbler,0.95117646,20190904.ogg,rucwar,1,0.32395405,0
255,datasets/birdclef_2021/train_soundscapes/21767_COR_20190904.ogg,10.5,13.5,Basileuterus rufifrons,Rufous-capped Warbler,0.96973574,20190904.ogg,rucwar,1,0.3969467,0
256,datasets/birdclef_2021/train_soundscapes/21767_COR_20190904.ogg,12.0,15.0,Basileuterus rufifrons,Rufous-capped Warbler,0.9509544,20190904.ogg,rucwar,1,0.54360104,0
257,datasets/birdclef_2021/train_soundscapes/21767_COR_20190904.ogg,27.0,30.0,Basileuterus rufifrons,Rufous-capped Warbler,0.92619956,20190904.ogg,rucwar,1,0.4821183,0
258,datasets/birdclef_2021/train_soundscapes/21767_COR_20190904.ogg,42.0,45.0,Basileuterus rufifrons,Rufous-capped Warbler,0.90626353,20190904.ogg,rucwar,1,0.42075562,0
259,datasets/birdclef_2021/train_soundscapes/21767_COR_20190904.ogg,43.5,46.5,Basileuterus rufifrons,Rufous-capped Warbler,0.9095951,20190904.ogg,rucwar,1,0.569814,0
260,datasets/birdclef_2021/train_soundscapes/21767_COR_20190904.ogg,49.5,52.5,Basileuterus rufifrons,Rufous-capped Warbler,0.9273159,20190904.ogg,rucwar,1,0.54023176,0
261,datasets/birdclef_2021/train_soundscapes/21767_COR_20190904.ogg,64.5,67.5,Basileuterus rufifrons,Rufous-capped Warbler,0.9510642,20190904.ogg,rucwar,1,0.3566146,0
262,datasets/birdclef_2021/train_soundscapes/21767_COR_20190904.ogg,136.5,139.5,Basileuterus rufifrons,Rufous-capped Warbler,0.9450451,20190904.ogg,rucwar,1,0.60029244,0
263,datasets/birdclef_2021/train_soundscapes/21767_COR_20190904.ogg,150.0,153.0,Basileuterus rufifrons,Rufous-capped Warbler,0.98089164,20190904.ogg,rucwar,1,0.4966304,0
264,datasets/birdclef_2021/train_soundscapes/21767_COR_20190904.ogg,151.5,154.5,Basileuterus rufifrons,Rufous-capped Warbler,0.9545867,20190904.ogg,rucwar,1,0.4867645,0
265,datasets/birdclef_2021/train_soundscapes/21767_COR_20190904.ogg,153.0,156.0,Basileuterus rufifrons,Rufous-capped Warbler,0.94306153,20190904.ogg,rucwar,1,0.38069603,0
266,datasets/birdclef_2021/train_soundscapes/21767_COR_20190904.ogg,154.5,157.5,Basileuterus rufifrons,Rufous-capped Warbler,0.9650764,20190904.ogg,rucwar,1,0.41808677,0
267,datasets/birdclef_2021/train_soundscapes/21767_COR_20190904.ogg,156.0,159.0,Basileuterus rufifrons,Rufous-capped Warbler,0.97220343,20190904.ogg,rucwar,1,0.4457342,0
268,datasets/birdclef_2021/train_soundscapes/21767_COR_20190904.ogg,163.5,166.5,Basileuterus rufifrons,Rufous-capped Warbler,0.94508386,20190904.ogg,rucwar,1,0.37912256,0
269,datasets/birdclef_2021/train_soundscapes/21767_COR_20190904.ogg,165.0,168.0,Basileuterus rufifrons,Rufous-capped Warbler,0.9524999,20190904.ogg,rucwar,1,0.49093416,0
270,datasets/birdclef_2021/train_soundscapes/21767_COR_20190904.ogg,166.5,169.5,Basileuterus rufifrons,Rufous-capped Warbler,0.9387119,20190904.ogg,rucwar,1,0.6161579,0
271,datasets/birdclef_2021/train_soundscapes/21767_COR_20190904.ogg,168.0,171.0,Basileuterus rufifrons,Rufous-capped Warbler,0.92148936,20190904.ogg,rucwar,1,0.5098222,0
272,datasets/birdclef_2021/train_soundscapes/21767_COR_20190904.ogg,169.5,172.5,Basileuterus rufifrons,Rufous-capped Warbler,0.9351885,20190904.ogg,rucwar,1,0.55554914,0
273,datasets/birdclef_2021/train_soundscapes/21767_COR_20190904.ogg,175.5,178.5,Basileuterus rufifrons,Rufous-capped Warbler,0.9801931,20190904.ogg,rucwar,1,0.28735,0
274,datasets/birdclef_2021/train_soundscapes/21767_COR_20190904.ogg,177.0,180.0,Basileuterus rufifrons,Rufous-capped Warbler,0.9839504,20190904.ogg,rucwar,1,0.3758744,0
275,datasets/birdclef_2021/train_soundscapes/21767_COR_20190904.ogg,178.5,181.5,Basileuterus rufifrons,Rufous-capped Warbler,0.94365597,20190904.ogg,rucwar,1,0.48583895,0
276,datasets/birdclef_2021/train_soundscapes/21767_COR_20190904.ogg,183.0,186.0,Basileuterus rufifrons,Rufous-capped Warbler,0.95109063,20190904.ogg,rucwar,1,0.31862178,0
277,datasets/birdclef_2021/train_soundscapes/21767_COR_20190904.ogg,186.0,189.0,Basileuterus rufifrons,Rufous-capped Warbler,0.9529429,20190904.ogg,rucwar,1,0.12415688,0
278,datasets/birdclef_2021/train_soundscapes/21767_COR_20190904.ogg,190.5,193.5,Basileuterus rufifrons,Rufous-capped Warbler,0.9371447,20190904.ogg,rucwar,1,0.1798753,0
279,datasets/birdclef_2021/train_soundscapes/21767_COR_20190904.ogg,195.0,198.0,Basileuterus rufifrons,Rufous-capped Warbler,0.9784063,20190904.ogg,rucwar,1,0.7623413,0
280,datasets/birdclef_2021/train_soundscapes/21767_COR_20190904.ogg,219.0,222.0,Basileuterus rufifrons,Rufous-capped Warbler,0.9104614,20190904.ogg,rucwar,1,0.18997936,0
281,datasets/birdclef_2021/train_soundscapes/21767_COR_20190904.ogg,226.5,229.5,Basileuterus rufifrons,Rufous-capped Warbler,0.9377743,20190904.ogg,rucwar,1,0.19407952,0
282,datasets/birdclef_2021/train_soundscapes/21767_COR_20190904.ogg,228.0,231.0,Basileuterus rufifrons,Rufous-capped Warbler,0.9193479,20190904.ogg,rucwar,1,0.25480837,0
283,datasets/birdclef_2021/train_soundscapes/21767_COR_20190904.ogg,244.5,247.5,Dives dives,Melodious Blackbird,0.9294808,20190904.ogg,melbla1,0,0.49203464,0
284,datasets/birdclef_2021/train_soundscapes/21767_COR_20190904.ogg,307.5,310.5,Piranga ludoviciana,Western Tanager,0.9371827,20190904.ogg,westan,0,0.123815835,0
285,datasets/birdclef_2021/train_soundscapes/21767_COR_20190904.ogg,343.5,346.5,Campylorhynchus rufinucha,Rufous-naped Wren,0.943777,20190904.ogg,runwre1,0,0.10077397,0
286,datasets/birdclef_2021/train_soundscapes/21767_COR_20190904.ogg,345.0,348.0,Campylorhynchus rufinucha,Rufous-naped Wren,0.9145714,20190904.ogg,runwre1,0,0.2245236,0
287,datasets/birdclef_2021/train_soundscapes/21767_COR_20190904.ogg,349.5,352.5,Campylorhynchus rufinucha,Rufous-naped Wren,0.93645173,20190904.ogg,runwre1,0,0.41402414,0
288,datasets/birdclef_2021/train_soundscapes/21767_COR_20190904.ogg,351.0,354.0,Campylorhynchus rufinucha,Rufous-naped Wren,0.947836,20190904.ogg,runwre1,0,0.31434944,0
289,datasets/birdclef_2021/train_soundscapes/21767_COR_20190904.ogg,366.0,369.0,Pionus senilis,White-crowned Parrot,0.9586695,20190904.ogg,whcpar,0,0.31105766,0
290,datasets/birdclef_2021/train_soundscapes/21767_COR_20190904.ogg,409.5,412.5,Basileuterus rufifrons,Rufous-capped Warbler,0.91186184,20190904.ogg,rucwar,1,0.24533841,0
291,datasets/birdclef_2021/train_soundscapes/21767_COR_20190904.ogg,411.0,414.0,Basileuterus rufifrons,Rufous-capped Warbler,0.94290626,20190904.ogg,rucwar,1,0.30336285,0
292,datasets/birdclef_2021/train_soundscapes/21767_COR_20190904.ogg,415.5,418.5,Basileuterus rufifrons,Rufous-capped Warbler,0.92100435,20190904.ogg,rucwar,1,0.28826466,0
293,datasets/birdclef_2021/train_soundscapes/21767_COR_20190904.ogg,417.0,420.0,Basileuterus rufifrons,Rufous-capped Warbler,0.90609145,20190904.ogg,rucwar,1,0.23547608,0
294,datasets/birdclef_2021/train_soundscapes/21767_COR_20190904.ogg,418.5,421.5,Basileuterus rufifrons,Rufous-capped Warbler,0.9640344,20190904.ogg,rucwar,1,0.23055127,0
295,datasets/birdclef_2021/train_soundscapes/21767_COR_20190904.ogg,420.0,423.0,Basileuterus rufifrons,Rufous-capped Warbler,0.9540652,20190904.ogg,rucwar,1,0.24102132,0
296,datasets/birdclef_2021/train_soundscapes/21767_COR_20190904.ogg,439.5,442.5,Basileuterus rufifrons,Rufous-capped Warbler,0.9353688,20190904.ogg,rucwar,1,0.33729252,0
297,datasets/birdclef_2021/train_soundscapes/21767_COR_20190904.ogg,441.0,444.0,Basileuterus rufifrons,Rufous-capped Warbler,0.94291717,20190904.ogg,rucwar,1,0.4247711,0
298,datasets/birdclef_2021/train_soundscapes/21767_COR_20190904.ogg,442.5,445.5,Basileuterus rufifrons,Rufous-capped Warbler,0.90817785,20190904.ogg,rucwar,1,0.36117318,0
299,datasets/birdclef_2021/train_soundscapes/21767_COR_20190904.ogg,469.5,472.5,Basileuterus rufifrons,Rufous-capped Warbler,0.9624777,20190904.ogg,rucwar,1,0.3068651,0
300,datasets/birdclef_2021/train_soundscapes/21767_COR_20190904.ogg,474.0,477.0,Melanerpes hoffmannii,Hoffmann's Woodpecker,0.9224629,20190904.ogg,hofwoo1,0,0.3454917,0
301,datasets/birdclef_2021/train_soundscapes/21767_COR_20190904.ogg,486.0,489.0,Basileuterus rufifrons,Rufous-capped Warbler,0.9046684,20190904.ogg,rucwar,1,0.2799878,0
302,datasets/birdclef_2021/train_soundscapes/21767_COR_20190904.ogg,489.0,492.0,Basileuterus rufifrons,Rufous-capped Warbler,0.91986924,20190904.ogg,rucwar,1,0.45197996,0
303,datasets/birdclef_2021/train_soundscapes/21767_COR_20190904.ogg,532.5,535.5,Psittacara finschi,Crimson-fronted Parakeet,0.9304945,20190904.ogg,crfpar,0,0.5809953,0
304,datasets/birdclef_2021/train_soundscapes/21767_COR_20190904.ogg,550.5,553.5,Campylorhynchus rufinucha,Rufous-naped Wren,0.96035755,20190904.ogg,runwre1,0,0.68820286,0
305,datasets/birdclef_2021/train_soundscapes/21767_COR_20190904.ogg,552.0,555.0,Campylorhynchus rufinucha,Rufous-naped Wren,0.98702604,20190904.ogg,runwre1,0,0.5912477,0
306,datasets/birdclef_2021/train_soundscapes/21767_COR_20190904.ogg,553.5,556.5,Campylorhynchus rufinucha,Rufous-naped Wren,0.9699144,20190904.ogg,runwre1,0,0.75393444,0
307,datasets/birdclef_2021/train_soundscapes/21767_COR_20190904.ogg,597.0,600.0,Basileuterus rufifrons,Rufous-capped Warbler,0.92366254,20190904.ogg,rucwar,1,0.37260127,0
308,datasets/birdclef_2021/train_soundscapes/18003_COR_20190904.ogg,0.0,3.0,Basileuterus rufifrons,Rufous-capped Warbler,0.9239612,20190904.ogg,rucwar,1,0.3795902,0
309,datasets/birdclef_2021/train_soundscapes/18003_COR_20190904.ogg,16.5,19.5,Basileuterus rufifrons,Rufous-capped Warbler,0.9688741,20190904.ogg,rucwar,1,0.62406945,0
310,datasets/birdclef_2021/train_soundscapes/18003_COR_20190904.ogg,18.0,21.0,Basileuterus rufifrons,Rufous-capped Warbler,0.9402767,20190904.ogg,rucwar,1,0.49598005,0
311,datasets/birdclef_2021/train_soundscapes/18003_COR_20190904.ogg,21.0,24.0,Basileuterus rufifrons,Rufous-capped Warbler,0.96902585,20190904.ogg,rucwar,1,0.23393391,0
312,datasets/birdclef_2021/train_soundscapes/18003_COR_20190904.ogg,25.5,28.5,Basileuterus rufifrons,Rufous-capped Warbler,0.9579402,20190904.ogg,rucwar,1,0.41125578,0
313,datasets/birdclef_2021/train_soundscapes/18003_COR_20190904.ogg,27.0,30.0,Basileuterus rufifrons,Rufous-capped Warbler,0.9173471,20190904.ogg,rucwar,1,0.51904845,0
314,datasets/birdclef_2021/train_soundscapes/18003_COR_20190904.ogg,30.0,33.0,Basileuterus rufifrons,Rufous-capped Warbler,0.9273034,20190904.ogg,rucwar,1,0.46142745,0
315,datasets/birdclef_2021/train_soundscapes/18003_COR_20190904.ogg,33.0,36.0,Basileuterus rufifrons,Rufous-capped Warbler,0.97088784,20190904.ogg,rucwar,1,0.36190414,0
316,datasets/birdclef_2021/train_soundscapes/18003_COR_20190904.ogg,34.5,37.5,Basileuterus rufifrons,Rufous-capped Warbler,0.950064,20190904.ogg,rucwar,1,0.48699197,0
317,datasets/birdclef_2021/train_soundscapes/18003_COR_20190904.ogg,36.0,39.0,Basileuterus rufifrons,Rufous-capped Warbler,0.97729254,20190904.ogg,rucwar,1,0.3681256,0
318,datasets/birdclef_2021/train_soundscapes/18003_COR_20190904.ogg,63.0,66.0,Basileuterus rufifrons,Rufous-capped Warbler,0.96153235,20190904.ogg,rucwar,1,0.4197729,0
319,datasets/birdclef_2021/train_soundscapes/18003_COR_20190904.ogg,76.5,79.5,Basileuterus rufifrons,Rufous-capped Warbler,0.941359,20190904.ogg,rucwar,1,0.47373182,0
320,datasets/birdclef_2021/train_soundscapes/18003_COR_20190904.ogg,135.0,138.0,Basileuterus rufifrons,Rufous-capped Warbler,0.979954,20190904.ogg,rucwar,1,0.3162348,0
321,datasets/birdclef_2021/train_soundscapes/18003_COR_20190904.ogg,136.5,139.5,Basileuterus rufifrons,Rufous-capped Warbler,0.98032266,20190904.ogg,rucwar,1,0.55860037,0
322,datasets/birdclef_2021/train_soundscapes/18003_COR_20190904.ogg,139.5,142.5,Basileuterus rufifrons,Rufous-capped Warbler,0.91228795,20190904.ogg,rucwar,1,0.37733865,0
323,datasets/birdclef_2021/train_soundscapes/18003_COR_20190904.ogg,142.5,145.5,Basileuterus rufifrons,Rufous-capped Warbler,0.98114794,20190904.ogg,rucwar,1,0.20835556,0
324,datasets/birdclef_2021/train_soundscapes/18003_COR_20190904.ogg,144.0,147.0,Basileuterus rufifrons,Rufous-capped Warbler,0.9747287,20190904.ogg,rucwar,1,0.351133,0
325,datasets/birdclef_2021/train_soundscapes/18003_COR_20190904.ogg,147.0,150.0,Basileuterus rufifrons,Rufous-capped Warbler,0.91472167,20190904.ogg,rucwar,1,0.43551067,0
326,datasets/birdclef_2021/train_soundscapes/18003_COR_20190904.ogg,150.0,153.0,Basileuterus rufifrons,Rufous-capped Warbler,0.9657246,20190904.ogg,rucwar,1,0.50866294,0
327,datasets/birdclef_2021/train_soundscapes/18003_COR_20190904.ogg,151.5,154.5,Basileuterus rufifrons,Rufous-capped Warbler,0.93621564,20190904.ogg,rucwar,1,0.35827813,0
328,datasets/birdclef_2021/train_soundscapes/18003_COR_20190904.ogg,153.0,156.0,Basileuterus rufifrons,Rufous-capped Warbler,0.9113845,20190904.ogg,rucwar,1,0.34597185,0
329,datasets/birdclef_2021/train_soundscapes/18003_COR_20190904.ogg,154.5,157.5,Basileuterus rufifrons,Rufous-capped Warbler,0.9302959,20190904.ogg,rucwar,1,0.23778668,0
330,datasets/birdclef_2021/train_soundscapes/18003_COR_20190904.ogg,156.0,159.0,Basileuterus rufifrons,Rufous-capped Warbler,0.9517342,20190904.ogg,rucwar,1,0.2773032,0
331,datasets/birdclef_2021/train_soundscapes/18003_COR_20190904.ogg,157.5,160.5,Basileuterus rufifrons,Rufous-capped Warbler,0.99299204,20190904.ogg,rucwar,1,0.26662317,0
332,datasets/birdclef_2021/train_soundscapes/18003_COR_20190904.ogg,159.0,162.0,Basileuterus rufifrons,Rufous-capped Warbler,0.9562724,20190904.ogg,rucwar,1,0.25888777,0
333,datasets/birdclef_2021/train_soundscapes/18003_COR_20190904.ogg,160.5,163.5,Basileuterus rufifrons,Rufous-capped Warbler,0.9900703,20190904.ogg,rucwar,1,0.38035107,0
334,datasets/birdclef_2021/train_soundscapes/18003_COR_20190904.ogg,162.0,165.0,Basileuterus rufifrons,Rufous-capped Warbler,0.9670932,20190904.ogg,rucwar,1,0.3432059,0
335,datasets/birdclef_2021/train_soundscapes/18003_COR_20190904.ogg,163.5,166.5,Basileuterus rufifrons,Rufous-capped Warbler,0.9729801,20190904.ogg,rucwar,1,0.26547432,0
336,datasets/birdclef_2021/train_soundscapes/18003_COR_20190904.ogg,165.0,168.0,Basileuterus rufifrons,Rufous-capped Warbler,0.95944226,20190904.ogg,rucwar,1,0.31006366,0
337,datasets/birdclef_2021/train_soundscapes/18003_COR_20190904.ogg,166.5,169.5,Basileuterus rufifrons,Rufous-capped Warbler,0.9634987,20190904.ogg,rucwar,1,0.2647264,0
338,datasets/birdclef_2021/train_soundscapes/18003_COR_20190904.ogg,168.0,171.0,Basileuterus rufifrons,Rufous-capped Warbler,0.9422224,20190904.ogg,rucwar,1,0.3082407,0
339,datasets/birdclef_2021/train_soundscapes/18003_COR_20190904.ogg,169.5,172.5,Basileuterus rufifrons,Rufous-capped Warbler,0.9619405,20190904.ogg,rucwar,1,0.26961473,0
340,datasets/birdclef_2021/train_soundscapes/18003_COR_20190904.ogg,171.0,174.0,Basileuterus rufifrons,Rufous-capped Warbler,0.9636311,20190904.ogg,rucwar,1,0.3765685,0
341,datasets/birdclef_2021/train_soundscapes/18003_COR_20190904.ogg,172.5,175.5,Basileuterus rufifrons,Rufous-capped Warbler,0.9209711,20190904.ogg,rucwar,1,0.23115124,0
342,datasets/birdclef_2021/train_soundscapes/18003_COR_20190904.ogg,174.0,177.0,Basileuterus rufifrons,Rufous-capped Warbler,0.922245,20190904.ogg,rucwar,1,0.30937105,0
343,datasets/birdclef_2021/train_soundscapes/18003_COR_20190904.ogg,175.5,178.5,Basileuterus rufifrons,Rufous-capped Warbler,0.9598061,20190904.ogg,rucwar,1,0.22586678,0
344,datasets/birdclef_2021/train_soundscapes/18003_COR_20190904.ogg,177.0,180.0,Basileuterus rufifrons,Rufous-capped Warbler,0.99588794,20190904.ogg,rucwar,1,0.32559422,0
345,datasets/birdclef_2021/train_soundscapes/18003_COR_20190904.ogg,178.5,181.5,Basileuterus rufifrons,Rufous-capped Warbler,0.9869833,20190904.ogg,rucwar,1,0.21511298,0
346,datasets/birdclef_2021/train_soundscapes/18003_COR_20190904.ogg,180.0,183.0,Basileuterus rufifrons,Rufous-capped Warbler,0.98945147,20190904.ogg,rucwar,1,0.3117494,0
347,datasets/birdclef_2021/train_soundscapes/18003_COR_20190904.ogg,183.0,186.0,Basileuterus rufifrons,Rufous-capped Warbler,0.9151849,20190904.ogg,rucwar,1,0.34098768,0
348,datasets/birdclef_2021/train_soundscapes/18003_COR_20190904.ogg,184.5,187.5,Basileuterus rufifrons,Rufous-capped Warbler,0.9667585,20190904.ogg,rucwar,1,0.24610601,0
349,datasets/birdclef_2021/train_soundscapes/18003_COR_20190904.ogg,187.5,190.5,Basileuterus rufifrons,Rufous-capped Warbler,0.983966,20190904.ogg,rucwar,1,0.2581463,0
350,datasets/birdclef_2021/train_soundscapes/18003_COR_20190904.ogg,189.0,192.0,Basileuterus rufifrons,Rufous-capped Warbler,0.94226694,20190904.ogg,rucwar,1,0.36330488,0
351,datasets/birdclef_2021/train_soundscapes/18003_COR_20190904.ogg,192.0,195.0,Basileuterus rufifrons,Rufous-capped Warbler,0.9424966,20190904.ogg,rucwar,1,0.39034098,0
352,datasets/birdclef_2021/train_soundscapes/18003_COR_20190904.ogg,193.5,196.5,Basileuterus rufifrons,Rufous-capped Warbler,0.9327197,20190904.ogg,rucwar,1,0.29852575,0
353,datasets/birdclef_2021/train_soundscapes/18003_COR_20190904.ogg,195.0,198.0,Basileuterus rufifrons,Rufous-capped Warbler,0.9686142,20190904.ogg,rucwar,1,0.2981535,0
354,datasets/birdclef_2021/train_soundscapes/18003_COR_20190904.ogg,196.5,199.5,Basileuterus rufifrons,Rufous-capped Warbler,0.94488597,20190904.ogg,rucwar,1,0.3444706,0
355,datasets/birdclef_2021/train_soundscapes/18003_COR_20190904.ogg,198.0,201.0,Basileuterus rufifrons,Rufous-capped Warbler,0.96450335,20190904.ogg,rucwar,1,0.36467332,0
356,datasets/birdclef_2021/train_soundscapes/18003_COR_20190904.ogg,202.5,205.5,Basileuterus rufifrons,Rufous-capped Warbler,0.9764273,20190904.ogg,rucwar,1,0.46404684,0
357,datasets/birdclef_2021/train_soundscapes/18003_COR_20190904.ogg,204.0,207.0,Basileuterus rufifrons,Rufous-capped Warbler,0.9863301,20190904.ogg,rucwar,1,0.3906015,0
358,datasets/birdclef_2021/train_soundscapes/18003_COR_20190904.ogg,208.5,211.5,Basileuterus rufifrons,Rufous-capped Warbler,0.98976177,20190904.ogg,rucwar,1,0.27388242,0
359,datasets/birdclef_2021/train_soundscapes/18003_COR_20190904.ogg,210.0,213.0,Basileuterus rufifrons,Rufous-capped Warbler,0.98809195,20190904.ogg,rucwar,1,0.2934497,0
360,datasets/birdclef_2021/train_soundscapes/18003_COR_20190904.ogg,216.0,219.0,Basileuterus rufifrons,Rufous-capped Warbler,0.96486205,20190904.ogg,rucwar,1,0.28534132,0
361,datasets/birdclef_2021/train_soundscapes/18003_COR_20190904.ogg,217.5,220.5,Basileuterus rufifrons,Rufous-capped Warbler,0.95154464,20190904.ogg,rucwar,1,0.40250397,0
362,datasets/birdclef_2021/train_soundscapes/18003_COR_20190904.ogg,219.0,222.0,Basileuterus rufifrons,Rufous-capped Warbler,0.9156421,20190904.ogg,rucwar,1,0.27824044,0
363,datasets/birdclef_2021/train_soundscapes/18003_COR_20190904.ogg,220.5,223.5,Basileuterus rufifrons,Rufous-capped Warbler,0.9395474,20190904.ogg,rucwar,1,0.28294632,0
364,datasets/birdclef_2021/train_soundscapes/18003_COR_20190904.ogg,222.0,225.0,Basileuterus rufifrons,Rufous-capped Warbler,0.97023183,20190904.ogg,rucwar,1,0.34212354,0
365,datasets/birdclef_2021/train_soundscapes/18003_COR_20190904.ogg,223.5,226.5,Basileuterus rufifrons,Rufous-capped Warbler,0.98166555,20190904.ogg,rucwar,1,0.27235565,0
366,datasets/birdclef_2021/train_soundscapes/18003_COR_20190904.ogg,225.0,228.0,Basileuterus rufifrons,Rufous-capped Warbler,0.9622796,20190904.ogg,rucwar,1,0.5385736,0
367,datasets/birdclef_2021/train_soundscapes/18003_COR_20190904.ogg,228.0,231.0,Basileuterus rufifrons,Rufous-capped Warbler,0.9647879,20190904.ogg,rucwar,1,0.2340281,0
368,datasets/birdclef_2021/train_soundscapes/18003_COR_20190904.ogg,229.5,232.5,Basileuterus rufifrons,Rufous-capped Warbler,0.91794306,20190904.ogg,rucwar,1,0.39508256,0
369,datasets/birdclef_2021/train_soundscapes/18003_COR_20190904.ogg,231.0,234.0,Basileuterus rufifrons,Rufous-capped Warbler,0.9670059,20190904.ogg,rucwar,1,0.46405885,0
370,datasets/birdclef_2021/train_soundscapes/18003_COR_20190904.ogg,232.5,235.5,Basileuterus rufifrons,Rufous-capped Warbler,0.9173142,20190904.ogg,rucwar,1,0.23827027,0
371,datasets/birdclef_2021/train_soundscapes/18003_COR_20190904.ogg,235.5,238.5,Basileuterus rufifrons,Rufous-capped Warbler,0.9333116,20190904.ogg,rucwar,1,0.4387127,0
372,datasets/birdclef_2021/train_soundscapes/18003_COR_20190904.ogg,241.5,244.5,Basileuterus rufifrons,Rufous-capped Warbler,0.9537412,20190904.ogg,rucwar,1,0.36747432,0
373,datasets/birdclef_2021/train_soundscapes/18003_COR_20190904.ogg,243.0,246.0,Basileuterus rufifrons,Rufous-capped Warbler,0.92158866,20190904.ogg,rucwar,1,0.30869815,0
374,datasets/birdclef_2021/train_soundscapes/18003_COR_20190904.ogg,255.0,258.0,Basileuterus rufifrons,Rufous-capped Warbler,0.98371637,20190904.ogg,rucwar,1,0.26883385,0
375,datasets/birdclef_2021/train_soundscapes/18003_COR_20190904.ogg,256.5,259.5,Basileuterus rufifrons,Rufous-capped Warbler,0.9677164,20190904.ogg,rucwar,1,0.28864777,0
376,datasets/birdclef_2021/train_soundscapes/18003_COR_20190904.ogg,258.0,261.0,Basileuterus rufifrons,Rufous-capped Warbler,0.9170254,20190904.ogg,rucwar,1,0.38919148,0
377,datasets/birdclef_2021/train_soundscapes/18003_COR_20190904.ogg,259.5,262.5,Basileuterus rufifrons,Rufous-capped Warbler,0.9084925,20190904.ogg,rucwar,1,0.3399087,0
378,datasets/birdclef_2021/train_soundscapes/18003_COR_20190904.ogg,261.0,264.0,Basileuterus rufifrons,Rufous-capped Warbler,0.9503676,20190904.ogg,rucwar,1,0.24533103,0
379,datasets/birdclef_2021/train_soundscapes/18003_COR_20190904.ogg,262.5,265.5,Basileuterus rufifrons,Rufous-capped Warbler,0.96178657,20190904.ogg,rucwar,1,0.273169,0
380,datasets/birdclef_2021/train_soundscapes/18003_COR_20190904.ogg,265.5,268.5,Basileuterus rufifrons,Rufous-capped Warbler,0.97920585,20190904.ogg,rucwar,1,0.26159325,0
381,datasets/birdclef_2021/train_soundscapes/18003_COR_20190904.ogg,267.0,270.0,Basileuterus rufifrons,Rufous-capped Warbler,0.9257692,20190904.ogg,rucwar,1,0.22892168,0
382,datasets/birdclef_2021/train_soundscapes/18003_COR_20190904.ogg,268.5,271.5,Basileuterus rufifrons,Rufous-capped Warbler,0.9730727,20190904.ogg,rucwar,1,0.3176172,0
383,datasets/birdclef_2021/train_soundscapes/18003_COR_20190904.ogg,270.0,273.0,Basileuterus rufifrons,Rufous-capped Warbler,0.95855665,20190904.ogg,rucwar,1,0.35098433,0
384,datasets/birdclef_2021/train_soundscapes/18003_COR_20190904.ogg,271.5,274.5,Basileuterus rufifrons,Rufous-capped Warbler,0.9588266,20190904.ogg,rucwar,1,0.28648764,0
385,datasets/birdclef_2021/train_soundscapes/18003_COR_20190904.ogg,273.0,276.0,Basileuterus rufifrons,Rufous-capped Warbler,0.95818526,20190904.ogg,rucwar,1,0.3316381,0
386,datasets/birdclef_2021/train_soundscapes/18003_COR_20190904.ogg,279.0,282.0,Basileuterus rufifrons,Rufous-capped Warbler,0.9567439,20190904.ogg,rucwar,1,0.37857303,0
387,datasets/birdclef_2021/train_soundscapes/18003_COR_20190904.ogg,280.5,283.5,Basileuterus rufifrons,Rufous-capped Warbler,0.98582876,20190904.ogg,rucwar,1,0.5238795,0
388,datasets/birdclef_2021/train_soundscapes/18003_COR_20190904.ogg,282.0,285.0,Basileuterus rufifrons,Rufous-capped Warbler,0.99477404,20190904.ogg,rucwar,1,0.3709113,0
389,datasets/birdclef_2021/train_soundscapes/18003_COR_20190904.ogg,283.5,286.5,Basileuterus rufifrons,Rufous-capped Warbler,0.9948913,20190904.ogg,rucwar,1,0.27100134,0
390,datasets/birdclef_2021/train_soundscapes/18003_COR_20190904.ogg,285.0,288.0,Basileuterus rufifrons,Rufous-capped Warbler,0.99396,20190904.ogg,rucwar,1,0.31695855,0
391,datasets/birdclef_2021/train_soundscapes/18003_COR_20190904.ogg,286.5,289.5,Basileuterus rufifrons,Rufous-capped Warbler,0.98599446,20190904.ogg,rucwar,1,0.21171726,0
392,datasets/birdclef_2021/train_soundscapes/18003_COR_20190904.ogg,288.0,291.0,Basileuterus rufifrons,Rufous-capped Warbler,0.9297489,20190904.ogg,rucwar,1,0.20592535,0
393,datasets/birdclef_2021/train_soundscapes/18003_COR_20190904.ogg,291.0,294.0,Basileuterus rufifrons,Rufous-capped Warbler,0.94382274,20190904.ogg,rucwar,1,0.26889282,0
394,datasets/birdclef_2021/train_soundscapes/18003_COR_20190904.ogg,292.5,295.5,Basileuterus rufifrons,Rufous-capped Warbler,0.97892386,20190904.ogg,rucwar,1,0.2423695,0
395,datasets/birdclef_2021/train_soundscapes/18003_COR_20190904.ogg,294.0,297.0,Basileuterus rufifrons,Rufous-capped Warbler,0.9921554,20190904.ogg,rucwar,1,0.29034695,0
396,datasets/birdclef_2021/train_soundscapes/18003_COR_20190904.ogg,295.5,298.5,Basileuterus rufifrons,Rufous-capped Warbler,0.9042701,20190904.ogg,rucwar,1,0.3934579,0
397,datasets/birdclef_2021/train_soundscapes/18003_COR_20190904.ogg,297.0,300.0,Basileuterus rufifrons,Rufous-capped Warbler,0.953555,20190904.ogg,rucwar,1,0.31543764,0
398,datasets/birdclef_2021/train_soundscapes/18003_COR_20190904.ogg,298.5,301.5,Basileuterus rufifrons,Rufous-capped Warbler,0.99573344,20190904.ogg,rucwar,1,0.21276036,0
399,datasets/birdclef_2021/train_soundscapes/18003_COR_20190904.ogg,300.0,303.0,Basileuterus rufifrons,Rufous-capped Warbler,0.9519579,20190904.ogg,rucwar,1,0.21971825,0
400,datasets/birdclef_2021/train_soundscapes/18003_COR_20190904.ogg,309.0,312.0,Basileuterus rufifrons,Rufous-capped Warbler,0.9843907,20190904.ogg,rucwar,1,0.26136568,0
401,datasets/birdclef_2021/train_soundscapes/18003_COR_20190904.ogg,310.5,313.5,Basileuterus rufifrons,Rufous-capped Warbler,0.9776163,20190904.ogg,rucwar,1,0.4043123,0
402,datasets/birdclef_2021/train_soundscapes/18003_COR_20190904.ogg,318.0,321.0,Melanerpes hoffmannii,Hoffmann's Woodpecker,0.952543,20190904.ogg,hofwoo1,0,0.5647341,0
403,datasets/birdclef_2021/train_soundscapes/18003_COR_20190904.ogg,319.5,322.5,Melanerpes hoffmannii,Hoffmann's Woodpecker,0.9761721,20190904.ogg,hofwoo1,0,0.079746835,0
404,datasets/birdclef_2021/train_soundscapes/18003_COR_20190904.ogg,321.0,324.0,Basileuterus rufifrons,Rufous-capped Warbler,0.98753697,20190904.ogg,rucwar,1,0.31010076,0
405,datasets/birdclef_2021/train_soundscapes/18003_COR_20190904.ogg,322.5,325.5,Basileuterus rufifrons,Rufous-capped Warbler,0.98713374,20190904.ogg,rucwar,1,0.35665512,0
406,datasets/birdclef_2021/train_soundscapes/18003_COR_20190904.ogg,325.5,328.5,Basileuterus rufifrons,Rufous-capped Warbler,0.98224175,20190904.ogg,rucwar,1,0.39557904,0
407,datasets/birdclef_2021/train_soundscapes/18003_COR_20190904.ogg,327.0,330.0,Basileuterus rufifrons,Rufous-capped Warbler,0.98703706,20190904.ogg,rucwar,1,0.43408746,0
408,datasets/birdclef_2021/train_soundscapes/18003_COR_20190904.ogg,328.5,331.5,Basileuterus rufifrons,Rufous-capped Warbler,0.98037124,20190904.ogg,rucwar,1,0.17177814,0
409,datasets/birdclef_2021/train_soundscapes/18003_COR_20190904.ogg,331.5,334.5,Basileuterus rufifrons,Rufous-capped Warbler,0.9580489,20190904.ogg,rucwar,1,0.49753818,0
410,datasets/birdclef_2021/train_soundscapes/18003_COR_20190904.ogg,333.0,336.0,Basileuterus rufifrons,Rufous-capped Warbler,0.9788978,20190904.ogg,rucwar,1,0.6052026,0
411,datasets/birdclef_2021/train_soundscapes/18003_COR_20190904.ogg,346.5,349.5,Basileuterus rufifrons,Rufous-capped Warbler,0.9494747,20190904.ogg,rucwar,1,0.35454294,0
412,datasets/birdclef_2021/train_soundscapes/18003_COR_20190904.ogg,348.0,351.0,Basileuterus rufifrons,Rufous-capped Warbler,0.9767105,20190904.ogg,rucwar,1,0.2994672,0
413,datasets/birdclef_2021/train_soundscapes/18003_COR_20190904.ogg,349.5,352.5,Basileuterus rufifrons,Rufous-capped Warbler,0.9453871,20190904.ogg,rucwar,1,0.36695752,0
414,datasets/birdclef_2021/train_soundscapes/18003_COR_20190904.ogg,363.0,366.0,Basileuterus rufifrons,Rufous-capped Warbler,0.964525,20190904.ogg,rucwar,1,0.24588847,0
415,datasets/birdclef_2021/train_soundscapes/18003_COR_20190904.ogg,364.5,367.5,Basileuterus rufifrons,Rufous-capped Warbler,0.99134606,20190904.ogg,rucwar,1,0.14664565,0
416,datasets/birdclef_2021/train_soundscapes/18003_COR_20190904.ogg,366.0,369.0,Basileuterus rufifrons,Rufous-capped Warbler,0.934748,20190904.ogg,rucwar,1,0.10864323,0
417,datasets/birdclef_2021/train_soundscapes/18003_COR_20190904.ogg,375.0,378.0,Basileuterus rufifrons,Rufous-capped Warbler,0.9254965,20190904.ogg,rucwar,1,0.09190044,0
418,datasets/birdclef_2021/train_soundscapes/18003_COR_20190904.ogg,378.0,381.0,Basileuterus rufifrons,Rufous-capped Warbler,0.915686,20190904.ogg,rucwar,1,0.1600923,0
419,datasets/birdclef_2021/train_soundscapes/18003_COR_20190904.ogg,382.5,385.5,Basileuterus rufifrons,Rufous-capped Warbler,0.93797797,20190904.ogg,rucwar,1,0.5166962,0
420,datasets/birdclef_2021/train_soundscapes/18003_COR_20190904.ogg,387.0,390.0,Basileuterus rufifrons,Rufous-capped Warbler,0.9080504,20190904.ogg,rucwar,1,0.3677823,0
421,datasets/birdclef_2021/train_soundscapes/18003_COR_20190904.ogg,393.0,396.0,Basileuterus rufifrons,Rufous-capped Warbler,0.95339763,20190904.ogg,rucwar,1,0.44361654,0
422,datasets/birdclef_2021/train_soundscapes/18003_COR_20190904.ogg,420.0,423.0,Basileuterus rufifrons,Rufous-capped Warbler,0.9833451,20190904.ogg,rucwar,1,0.2541987,0
423,datasets/birdclef_2021/train_soundscapes/18003_COR_20190904.ogg,421.5,424.5,Basileuterus rufifrons,Rufous-capped Warbler,0.92692035,20190904.ogg,rucwar,1,0.18114598,0
424,datasets/birdclef_2021/train_soundscapes/18003_COR_20190904.ogg,429.0,432.0,Basileuterus rufifrons,Rufous-capped Warbler,0.90633607,20190904.ogg,rucwar,1,0.3542209,0
425,datasets/birdclef_2021/train_soundscapes/18003_COR_20190904.ogg,435.0,438.0,Basileuterus rufifrons,Rufous-capped Warbler,0.9458251,20190904.ogg,rucwar,1,0.5256733,0
426,datasets/birdclef_2021/train_soundscapes/18003_COR_20190904.ogg,436.5,439.5,Basileuterus rufifrons,Rufous-capped Warbler,0.94823796,20190904.ogg,rucwar,1,0.7350455,0
427,datasets/birdclef_2021/train_soundscapes/18003_COR_20190904.ogg,447.0,450.0,Basileuterus rufifrons,Rufous-capped Warbler,0.9632397,20190904.ogg,rucwar,1,0.4741104,0
428,datasets/birdclef_2021/train_soundscapes/18003_COR_20190904.ogg,448.5,451.5,Basileuterus rufifrons,Rufous-capped Warbler,0.95536095,20190904.ogg,rucwar,1,0.21231528,0
429,datasets/birdclef_2021/train_soundscapes/18003_COR_20190904.ogg,481.5,484.5,Melanerpes hoffmannii,Hoffmann's Woodpecker,0.9119523,20190904.ogg,hofwoo1,0,0.25928885,0
430,datasets/birdclef_2021/train_soundscapes/18003_COR_20190904.ogg,483.0,486.0,Melanerpes hoffmannii,Hoffmann's Woodpecker,0.9089453,20190904.ogg,hofwoo1,0,0.23705103,0
431,datasets/birdclef_2021/train_soundscapes/18003_COR_20190904.ogg,490.5,493.5,Melanerpes hoffmannii,Hoffmann's Woodpecker,0.9377538,20190904.ogg,hofwoo1,0,0.4628134,0
432,datasets/birdclef_2021/train_soundscapes/18003_COR_20190904.ogg,492.0,495.0,Melanerpes hoffmannii,Hoffmann's Woodpecker,0.901172,20190904.ogg,hofwoo1,0,0.566246,0
433,datasets/birdclef_2021/train_soundscapes/18003_COR_20190904.ogg,501.0,504.0,Basileuterus rufifrons,Rufous-capped Warbler,0.93221617,20190904.ogg,rucwar,1,0.17887792,0
434,datasets/birdclef_2021/train_soundscapes/18003_COR_20190904.ogg,523.5,526.5,Basileuterus rufifrons,Rufous-capped Warbler,0.9210548,20190904.ogg,rucwar,1,0.15159464,0
435,datasets/birdclef_2021/train_soundscapes/18003_COR_20190904.ogg,579.0,582.0,Basileuterus rufifrons,Rufous-capped Warbler,0.95375675,20190904.ogg,rucwar,1,0.41629854,0
436,datasets/birdclef_2021/train_soundscapes/18003_COR_20190904.ogg,589.5,592.5,Basileuterus rufifrons,Rufous-capped Warbler,0.9430366,20190904.ogg,rucwar,1,0.49678934,0
