Unnamed: 0,path,start,end,scientific_name,common_name,confidence,group_key,primary_label,predictions
0,datasets/birdclef_2021/train_soundscapes/2782_SSW_20170701.ogg,15.0,18.0,Dumetella carolinensis,Gray Catbird,0.8128808,20170701.ogg,grycat,0.3262814
1,datasets/birdclef_2021/train_soundscapes/2782_SSW_20170701.ogg,18.0,21.0,Dumetella carolinensis,Gray Catbird,0.96863693,20170701.ogg,grycat,0.3300332
2,datasets/birdclef_2021/train_soundscapes/2782_SSW_20170701.ogg,138.0,141.0,Contopus virens,Eastern Wood-Pewee,0.9113342,20170701.ogg,eawpew,0.3143218
3,datasets/birdclef_2021/train_soundscapes/2782_SSW_20170701.ogg,285.0,288.0,Contopus virens,Eastern Wood-Pewee,0.82497764,20170701.ogg,eawpew,0.3109159
4,datasets/birdclef_2021/train_soundscapes/2782_SSW_20170701.ogg,303.0,306.0,Contopus virens,Eastern Wood-Pewee,0.87071514,20170701.ogg,eawpew,0.32364693
5,datasets/birdclef_2021/train_soundscapes/2782_SSW_20170701.ogg,321.0,324.0,Contopus virens,Eastern Wood-Pewee,0.86113906,20170701.ogg,eawpew,0.31012055
6,datasets/birdclef_2021/train_soundscapes/42907_SSW_20170708.ogg,429.0,432.0,Megascops kennicottii,Western Screech-Owl,0.8836368,20170708.ogg,nocall,0.32080767
7,datasets/birdclef_2021/train_soundscapes/42907_SSW_20170708.ogg,555.0,558.0,Sphyrapicus varius,Yellow-bellied Sapsucker,0.8605204,20170708.ogg,yebsap,0.33722857
8,datasets/birdclef_2021/train_soundscapes/42907_SSW_20170708.ogg,579.0,582.0,Sphyrapicus varius,Yellow-bellied Sapsucker,0.8754728,20170708.ogg,yebsap,0.3183728
9,datasets/birdclef_2021/train_soundscapes/28933_SSW_20170408.ogg,3.0,6.0,Melospiza melodia,Song Sparrow,0.96429294,20170408.ogg,sonspa,0.32938892
10,datasets/birdclef_2021/train_soundscapes/28933_SSW_20170408.ogg,9.0,12.0,Melospiza melodia,Song Sparrow,0.92964756,20170408.ogg,sonspa,0.33369705
11,datasets/birdclef_2021/train_soundscapes/28933_SSW_20170408.ogg,12.0,15.0,Melospiza melodia,Song Sparrow,0.82032263,20170408.ogg,sonspa,0.32685488
12,datasets/birdclef_2021/train_soundscapes/28933_SSW_20170408.ogg,18.0,21.0,Melospiza melodia,Song Sparrow,0.9149756,20170408.ogg,sonspa,0.33145195
13,datasets/birdclef_2021/train_soundscapes/28933_SSW_20170408.ogg,30.0,33.0,Melospiza melodia,Song Sparrow,0.9432641,20170408.ogg,sonspa,0.32028377
14,datasets/birdclef_2021/train_soundscapes/28933_SSW_20170408.ogg,33.0,36.0,Melospiza melodia,Song Sparrow,0.9214245,20170408.ogg,sonspa,0.33697638
15,datasets/birdclef_2021/train_soundscapes/28933_SSW_20170408.ogg,39.0,42.0,Melospiza melodia,Song Sparrow,0.86492354,20170408.ogg,sonspa,0.34222806
16,datasets/birdclef_2021/train_soundscapes/28933_SSW_20170408.ogg,42.0,45.0,Melospiza melodia,Song Sparrow,0.8875487,20170408.ogg,sonspa,0.3425082
17,datasets/birdclef_2021/train_soundscapes/28933_SSW_20170408.ogg,48.0,51.0,Melospiza melodia,Song Sparrow,0.9687237,20170408.ogg,sonspa,0.32018685
18,datasets/birdclef_2021/train_soundscapes/28933_SSW_20170408.ogg,54.0,57.0,Melospiza melodia,Song Sparrow,0.8611101,20170408.ogg,sonspa,0.35061246
19,datasets/birdclef_2021/train_soundscapes/28933_SSW_20170408.ogg,66.0,69.0,Melospiza melodia,Song Sparrow,0.8839549,20170408.ogg,sonspa,0.32104507
20,datasets/birdclef_2021/train_soundscapes/28933_SSW_20170408.ogg,69.0,72.0,Melospiza melodia,Song Sparrow,0.87727565,20170408.ogg,sonspa,0.34731302
21,datasets/birdclef_2021/train_soundscapes/28933_SSW_20170408.ogg,72.0,75.0,Melospiza melodia,Song Sparrow,0.9410484,20170408.ogg,sonspa,0.35671335
22,datasets/birdclef_2021/train_soundscapes/28933_SSW_20170408.ogg,75.0,78.0,Melospiza melodia,Song Sparrow,0.95145667,20170408.ogg,sonspa,0.3649881
23,datasets/birdclef_2021/train_soundscapes/28933_SSW_20170408.ogg,78.0,81.0,Melospiza melodia,Song Sparrow,0.9180776,20170408.ogg,sonspa,0.40866733
24,datasets/birdclef_2021/train_soundscapes/28933_SSW_20170408.ogg,81.0,84.0,Melospiza melodia,Song Sparrow,0.86494046,20170408.ogg,sonspa,0.33735225
25,datasets/birdclef_2021/train_soundscapes/28933_SSW_20170408.ogg,84.0,87.0,Melospiza melodia,Song Sparrow,0.92373365,20170408.ogg,sonspa,0.3910065
26,datasets/birdclef_2021/train_soundscapes/28933_SSW_20170408.ogg,87.0,90.0,Melospiza melodia,Song Sparrow,0.8532757,20170408.ogg,sonspa,0.3398051
27,datasets/birdclef_2021/train_soundscapes/28933_SSW_20170408.ogg,90.0,93.0,Melospiza melodia,Song Sparrow,0.8561242,20170408.ogg,sonspa,0.38040605
28,datasets/birdclef_2021/train_soundscapes/28933_SSW_20170408.ogg,93.0,96.0,Melospiza melodia,Song Sparrow,0.9745607,20170408.ogg,sonspa,0.31882226
29,datasets/birdclef_2021/train_soundscapes/28933_SSW_20170408.ogg,96.0,99.0,Melospiza melodia,Song Sparrow,0.9330047,20170408.ogg,sonspa,0.39112303
30,datasets/birdclef_2021/train_soundscapes/28933_SSW_20170408.ogg,99.0,102.0,Melospiza melodia,Song Sparrow,0.8865821,20170408.ogg,sonspa,0.35189977
31,datasets/birdclef_2021/train_soundscapes/28933_SSW_20170408.ogg,102.0,105.0,Melospiza melodia,Song Sparrow,0.9505688,20170408.ogg,sonspa,0.3735516
32,datasets/birdclef_2021/train_soundscapes/28933_SSW_20170408.ogg,108.0,111.0,Melospiza melodia,Song Sparrow,0.89462394,20170408.ogg,sonspa,0.3478003
33,datasets/birdclef_2021/train_soundscapes/28933_SSW_20170408.ogg,111.0,114.0,Melospiza melodia,Song Sparrow,0.9584976,20170408.ogg,sonspa,0.35373178
34,datasets/birdclef_2021/train_soundscapes/28933_SSW_20170408.ogg,114.0,117.0,Melospiza melodia,Song Sparrow,0.97473663,20170408.ogg,sonspa,0.350626
35,datasets/birdclef_2021/train_soundscapes/28933_SSW_20170408.ogg,117.0,120.0,Melospiza melodia,Song Sparrow,0.9344345,20170408.ogg,sonspa,0.37864816
36,datasets/birdclef_2021/train_soundscapes/28933_SSW_20170408.ogg,120.0,123.0,Melospiza melodia,Song Sparrow,0.97291934,20170408.ogg,sonspa,0.33856842
37,datasets/birdclef_2021/train_soundscapes/28933_SSW_20170408.ogg,123.0,126.0,Melospiza melodia,Song Sparrow,0.98972803,20170408.ogg,sonspa,0.4254892
38,datasets/birdclef_2021/train_soundscapes/28933_SSW_20170408.ogg,126.0,129.0,Melospiza melodia,Song Sparrow,0.89765507,20170408.ogg,sonspa,0.34819657
39,datasets/birdclef_2021/train_soundscapes/28933_SSW_20170408.ogg,129.0,132.0,Melospiza melodia,Song Sparrow,0.9761983,20170408.ogg,sonspa,0.3533858
40,datasets/birdclef_2021/train_soundscapes/28933_SSW_20170408.ogg,132.0,135.0,Melospiza melodia,Song Sparrow,0.9835543,20170408.ogg,sonspa,0.35995838
41,datasets/birdclef_2021/train_soundscapes/28933_SSW_20170408.ogg,135.0,138.0,Melospiza melodia,Song Sparrow,0.9670327,20170408.ogg,sonspa,0.39967903
42,datasets/birdclef_2021/train_soundscapes/28933_SSW_20170408.ogg,138.0,141.0,Melospiza melodia,Song Sparrow,0.9323172,20170408.ogg,sonspa,0.3411621
43,datasets/birdclef_2021/train_soundscapes/28933_SSW_20170408.ogg,141.0,144.0,Melospiza melodia,Song Sparrow,0.8715001,20170408.ogg,sonspa,0.34198645
44,datasets/birdclef_2021/train_soundscapes/28933_SSW_20170408.ogg,144.0,147.0,Melospiza melodia,Song Sparrow,0.9424347,20170408.ogg,sonspa,0.3366824
45,datasets/birdclef_2021/train_soundscapes/28933_SSW_20170408.ogg,147.0,150.0,Melospiza melodia,Song Sparrow,0.955787,20170408.ogg,sonspa,0.37617427
46,datasets/birdclef_2021/train_soundscapes/28933_SSW_20170408.ogg,153.0,156.0,Melospiza melodia,Song Sparrow,0.933716,20170408.ogg,sonspa,0.3879229
47,datasets/birdclef_2021/train_soundscapes/28933_SSW_20170408.ogg,156.0,159.0,Melospiza melodia,Song Sparrow,0.8378739,20170408.ogg,sonspa,0.32342887
48,datasets/birdclef_2021/train_soundscapes/28933_SSW_20170408.ogg,159.0,162.0,Melospiza melodia,Song Sparrow,0.97251344,20170408.ogg,sonspa,0.36631063
49,datasets/birdclef_2021/train_soundscapes/28933_SSW_20170408.ogg,162.0,165.0,Melospiza melodia,Song Sparrow,0.97791517,20170408.ogg,sonspa,0.33912703
50,datasets/birdclef_2021/train_soundscapes/28933_SSW_20170408.ogg,165.0,168.0,Melospiza melodia,Song Sparrow,0.8961852,20170408.ogg,sonspa,0.42347005
51,datasets/birdclef_2021/train_soundscapes/28933_SSW_20170408.ogg,168.0,171.0,Melospiza melodia,Song Sparrow,0.90276015,20170408.ogg,sonspa,0.3863876
52,datasets/birdclef_2021/train_soundscapes/28933_SSW_20170408.ogg,177.0,180.0,Melospiza melodia,Song Sparrow,0.85405475,20170408.ogg,sonspa,0.3378897
53,datasets/birdclef_2021/train_soundscapes/28933_SSW_20170408.ogg,180.0,183.0,Melospiza melodia,Song Sparrow,0.9405204,20170408.ogg,sonspa,0.35558817
54,datasets/birdclef_2021/train_soundscapes/28933_SSW_20170408.ogg,183.0,186.0,Melospiza melodia,Song Sparrow,0.8114564,20170408.ogg,sonspa,0.3418802
55,datasets/birdclef_2021/train_soundscapes/28933_SSW_20170408.ogg,186.0,189.0,Melospiza melodia,Song Sparrow,0.96904916,20170408.ogg,sonspa,0.36919507
56,datasets/birdclef_2021/train_soundscapes/28933_SSW_20170408.ogg,192.0,195.0,Melospiza melodia,Song Sparrow,0.82405895,20170408.ogg,sonspa,0.32472214
57,datasets/birdclef_2021/train_soundscapes/28933_SSW_20170408.ogg,201.0,204.0,Melospiza melodia,Song Sparrow,0.80072343,20170408.ogg,sonspa,0.32808244
58,datasets/birdclef_2021/train_soundscapes/28933_SSW_20170408.ogg,204.0,207.0,Melospiza melodia,Song Sparrow,0.9010181,20170408.ogg,sonspa,0.34084392
59,datasets/birdclef_2021/train_soundscapes/28933_SSW_20170408.ogg,207.0,210.0,Melospiza melodia,Song Sparrow,0.81841844,20170408.ogg,sonspa,0.31982997
60,datasets/birdclef_2021/train_soundscapes/28933_SSW_20170408.ogg,231.0,234.0,Melospiza melodia,Song Sparrow,0.8079258,20170408.ogg,sonspa,0.3272718
61,datasets/birdclef_2021/train_soundscapes/28933_SSW_20170408.ogg,234.0,237.0,Melospiza melodia,Song Sparrow,0.927189,20170408.ogg,sonspa,0.32401344
62,datasets/birdclef_2021/train_soundscapes/28933_SSW_20170408.ogg,237.0,240.0,Melospiza melodia,Song Sparrow,0.8707144,20170408.ogg,sonspa,0.30932003
63,datasets/birdclef_2021/train_soundscapes/28933_SSW_20170408.ogg,249.0,252.0,Euphagus carolinus,Rusty Blackbird,0.840274,20170408.ogg,nocall,0.31269643
64,datasets/birdclef_2021/train_soundscapes/28933_SSW_20170408.ogg,252.0,255.0,Branta canadensis,Canada Goose,0.80108047,20170408.ogg,cangoo,0.34807602
65,datasets/birdclef_2021/train_soundscapes/28933_SSW_20170408.ogg,255.0,258.0,Branta canadensis,Canada Goose,0.80238223,20170408.ogg,cangoo,0.32567772
66,datasets/birdclef_2021/train_soundscapes/28933_SSW_20170408.ogg,261.0,264.0,Branta canadensis,Canada Goose,0.80671096,20170408.ogg,cangoo,0.31845975
67,datasets/birdclef_2021/train_soundscapes/28933_SSW_20170408.ogg,285.0,288.0,Melospiza melodia,Song Sparrow,0.9377739,20170408.ogg,sonspa,0.333274
68,datasets/birdclef_2021/train_soundscapes/28933_SSW_20170408.ogg,288.0,291.0,Melospiza melodia,Song Sparrow,0.98993343,20170408.ogg,sonspa,0.3193425
69,datasets/birdclef_2021/train_soundscapes/28933_SSW_20170408.ogg,297.0,300.0,Melospiza melodia,Song Sparrow,0.8535182,20170408.ogg,sonspa,0.34119245
70,datasets/birdclef_2021/train_soundscapes/28933_SSW_20170408.ogg,300.0,303.0,Melospiza melodia,Song Sparrow,0.83086663,20170408.ogg,sonspa,0.31943068
71,datasets/birdclef_2021/train_soundscapes/28933_SSW_20170408.ogg,318.0,321.0,Melospiza melodia,Song Sparrow,0.8300684,20170408.ogg,sonspa,0.28837034
72,datasets/birdclef_2021/train_soundscapes/28933_SSW_20170408.ogg,348.0,351.0,Melospiza melodia,Song Sparrow,0.8268635,20170408.ogg,sonspa,0.30286422
73,datasets/birdclef_2021/train_soundscapes/28933_SSW_20170408.ogg,360.0,363.0,Melospiza melodia,Song Sparrow,0.92006004,20170408.ogg,sonspa,0.31305718
74,datasets/birdclef_2021/train_soundscapes/28933_SSW_20170408.ogg,375.0,378.0,Melospiza melodia,Song Sparrow,0.9592079,20170408.ogg,sonspa,0.29219228
75,datasets/birdclef_2021/train_soundscapes/28933_SSW_20170408.ogg,378.0,381.0,Melospiza melodia,Song Sparrow,0.9756585,20170408.ogg,sonspa,0.30708474
76,datasets/birdclef_2021/train_soundscapes/28933_SSW_20170408.ogg,381.0,384.0,Melospiza melodia,Song Sparrow,0.89728296,20170408.ogg,sonspa,0.32414025
77,datasets/birdclef_2021/train_soundscapes/28933_SSW_20170408.ogg,390.0,393.0,Melospiza melodia,Song Sparrow,0.91212845,20170408.ogg,sonspa,0.32509157
78,datasets/birdclef_2021/train_soundscapes/28933_SSW_20170408.ogg,393.0,396.0,Melospiza melodia,Song Sparrow,0.9711482,20170408.ogg,sonspa,0.31349477
79,datasets/birdclef_2021/train_soundscapes/28933_SSW_20170408.ogg,405.0,408.0,Melospiza melodia,Song Sparrow,0.82488406,20170408.ogg,sonspa,0.31483015
80,datasets/birdclef_2021/train_soundscapes/28933_SSW_20170408.ogg,423.0,426.0,Melospiza melodia,Song Sparrow,0.8255723,20170408.ogg,sonspa,0.3217018
81,datasets/birdclef_2021/train_soundscapes/28933_SSW_20170408.ogg,450.0,453.0,Melospiza melodia,Song Sparrow,0.9146255,20170408.ogg,sonspa,0.32857624
82,datasets/birdclef_2021/train_soundscapes/28933_SSW_20170408.ogg,459.0,462.0,Melospiza melodia,Song Sparrow,0.8239374,20170408.ogg,sonspa,0.31602037
83,datasets/birdclef_2021/train_soundscapes/28933_SSW_20170408.ogg,462.0,465.0,Melospiza melodia,Song Sparrow,0.80151,20170408.ogg,sonspa,0.32338157
84,datasets/birdclef_2021/train_soundscapes/28933_SSW_20170408.ogg,477.0,480.0,Melospiza melodia,Song Sparrow,0.81106645,20170408.ogg,sonspa,0.3212862
85,datasets/birdclef_2021/train_soundscapes/28933_SSW_20170408.ogg,480.0,483.0,Melospiza melodia,Song Sparrow,0.90936744,20170408.ogg,sonspa,0.3516873
86,datasets/birdclef_2021/train_soundscapes/28933_SSW_20170408.ogg,507.0,510.0,Melospiza melodia,Song Sparrow,0.8708459,20170408.ogg,sonspa,0.32497784
87,datasets/birdclef_2021/train_soundscapes/28933_SSW_20170408.ogg,510.0,513.0,Melospiza melodia,Song Sparrow,0.8807939,20170408.ogg,sonspa,0.31579497
88,datasets/birdclef_2021/train_soundscapes/28933_SSW_20170408.ogg,513.0,516.0,Melospiza melodia,Song Sparrow,0.8800262,20170408.ogg,sonspa,0.35900983
89,datasets/birdclef_2021/train_soundscapes/28933_SSW_20170408.ogg,516.0,519.0,Melospiza melodia,Song Sparrow,0.8244452,20170408.ogg,sonspa,0.3541554
90,datasets/birdclef_2021/train_soundscapes/28933_SSW_20170408.ogg,528.0,531.0,Melospiza melodia,Song Sparrow,0.81242,20170408.ogg,sonspa,0.3194437
91,datasets/birdclef_2021/train_soundscapes/28933_SSW_20170408.ogg,537.0,540.0,Melospiza melodia,Song Sparrow,0.91350603,20170408.ogg,sonspa,0.31343496
92,datasets/birdclef_2021/train_soundscapes/28933_SSW_20170408.ogg,540.0,543.0,Melospiza melodia,Song Sparrow,0.82160383,20170408.ogg,sonspa,0.3159273
93,datasets/birdclef_2021/train_soundscapes/28933_SSW_20170408.ogg,543.0,546.0,Melospiza melodia,Song Sparrow,0.80998826,20170408.ogg,sonspa,0.32974574
94,datasets/birdclef_2021/train_soundscapes/28933_SSW_20170408.ogg,546.0,549.0,Melospiza melodia,Song Sparrow,0.8782797,20170408.ogg,sonspa,0.3260766
95,datasets/birdclef_2021/train_soundscapes/28933_SSW_20170408.ogg,549.0,552.0,Melospiza melodia,Song Sparrow,0.89124036,20170408.ogg,sonspa,0.3233163
96,datasets/birdclef_2021/train_soundscapes/28933_SSW_20170408.ogg,552.0,555.0,Melospiza melodia,Song Sparrow,0.90574855,20170408.ogg,sonspa,0.31729618
97,datasets/birdclef_2021/train_soundscapes/28933_SSW_20170408.ogg,555.0,558.0,Melospiza melodia,Song Sparrow,0.83123875,20170408.ogg,sonspa,0.3298751
98,datasets/birdclef_2021/train_soundscapes/28933_SSW_20170408.ogg,558.0,561.0,Melospiza melodia,Song Sparrow,0.8618738,20170408.ogg,sonspa,0.3110101
99,datasets/birdclef_2021/train_soundscapes/28933_SSW_20170408.ogg,564.0,567.0,Melospiza melodia,Song Sparrow,0.8157808,20170408.ogg,sonspa,0.37435707
100,datasets/birdclef_2021/train_soundscapes/28933_SSW_20170408.ogg,579.0,582.0,Melospiza melodia,Song Sparrow,0.8305293,20170408.ogg,sonspa,0.33219972
101,datasets/birdclef_2021/train_soundscapes/28933_SSW_20170408.ogg,582.0,585.0,Melospiza melodia,Song Sparrow,0.87456024,20170408.ogg,sonspa,0.32421297
102,datasets/birdclef_2021/train_soundscapes/50878_COR_20191004.ogg,36.0,39.0,Ortalis cinereiceps,Gray-headed Chachalaca,0.81257915,20191004.ogg,grhcha1,0.3353877
103,datasets/birdclef_2021/train_soundscapes/50878_COR_20191004.ogg,300.0,303.0,Basileuterus rufifrons,Rufous-capped Warbler,0.8671242,20191004.ogg,rucwar,0.30920824
104,datasets/birdclef_2021/train_soundscapes/50878_COR_20191004.ogg,354.0,357.0,Brotogeris jugularis,Orange-chinned Parakeet,0.85938305,20191004.ogg,orcpar,0.31936106
105,datasets/birdclef_2021/train_soundscapes/50878_COR_20191004.ogg,357.0,360.0,Brotogeris jugularis,Orange-chinned Parakeet,0.82115996,20191004.ogg,orcpar,0.35280916
106,datasets/birdclef_2021/train_soundscapes/50878_COR_20191004.ogg,399.0,402.0,Aramides cajaneus,Gray-cowled Wood-Rail,0.8553942,20191004.ogg,nocall,0.3433991
107,datasets/birdclef_2021/train_soundscapes/50878_COR_20191004.ogg,504.0,507.0,Megarynchus pitangua,Boat-billed Flycatcher,0.80761373,20191004.ogg,bobfly1,0.3211857
108,datasets/birdclef_2021/train_soundscapes/50878_COR_20191004.ogg,588.0,591.0,Megarynchus pitangua,Boat-billed Flycatcher,0.9834306,20191004.ogg,bobfly1,0.33749166
109,datasets/birdclef_2021/train_soundscapes/10534_SSW_20170429.ogg,81.0,84.0,Dryobates pubescens,Downy Woodpecker,0.83581203,20170429.ogg,dowwoo,0.3259186
110,datasets/birdclef_2021/train_soundscapes/10534_SSW_20170429.ogg,84.0,87.0,Dryobates pubescens,Downy Woodpecker,0.90169305,20170429.ogg,dowwoo,0.41917387
111,datasets/birdclef_2021/train_soundscapes/10534_SSW_20170429.ogg,321.0,324.0,Dryobates pubescens,Downy Woodpecker,0.9312979,20170429.ogg,dowwoo,0.31832126
112,datasets/birdclef_2021/train_soundscapes/10534_SSW_20170429.ogg,489.0,492.0,Megaceryle alcyon,Belted Kingfisher,0.9754081,20170429.ogg,belkin1,0.3250108
113,datasets/birdclef_2021/train_soundscapes/10534_SSW_20170429.ogg,495.0,498.0,Megaceryle alcyon,Belted Kingfisher,0.95648015,20170429.ogg,belkin1,0.4255604
114,datasets/birdclef_2021/train_soundscapes/57610_COR_20190904.ogg,15.0,18.0,Pheugopedius rutilus,Rufous-breasted Wren,0.90043205,20190904.ogg,rubwre1,0.30059797
115,datasets/birdclef_2021/train_soundscapes/57610_COR_20190904.ogg,60.0,63.0,Pheugopedius rutilus,Rufous-breasted Wren,0.8843021,20190904.ogg,rubwre1,0.30526897
116,datasets/birdclef_2021/train_soundscapes/57610_COR_20190904.ogg,63.0,66.0,Pheugopedius rutilus,Rufous-breasted Wren,0.87114435,20190904.ogg,rubwre1,0.3146766
117,datasets/birdclef_2021/train_soundscapes/57610_COR_20190904.ogg,84.0,87.0,Pheugopedius rutilus,Rufous-breasted Wren,0.8540607,20190904.ogg,rubwre1,0.3999312
118,datasets/birdclef_2021/train_soundscapes/57610_COR_20190904.ogg,96.0,99.0,Momotus lessonii,Lesson's Motmot,0.8412784,20190904.ogg,bucmot2,0.33585468
119,datasets/birdclef_2021/train_soundscapes/57610_COR_20190904.ogg,99.0,102.0,Momotus lessonii,Lesson's Motmot,0.9780732,20190904.ogg,bucmot2,0.32118303
120,datasets/birdclef_2021/train_soundscapes/57610_COR_20190904.ogg,102.0,105.0,Momotus lessonii,Lesson's Motmot,0.90287054,20190904.ogg,bucmot2,0.44488788
121,datasets/birdclef_2021/train_soundscapes/57610_COR_20190904.ogg,105.0,108.0,Momotus lessonii,Lesson's Motmot,0.9823532,20190904.ogg,bucmot2,0.4305352
122,datasets/birdclef_2021/train_soundscapes/57610_COR_20190904.ogg,108.0,111.0,Momotus lessonii,Lesson's Motmot,0.98520315,20190904.ogg,bucmot2,0.4574829
123,datasets/birdclef_2021/train_soundscapes/57610_COR_20190904.ogg,111.0,114.0,Momotus lessonii,Lesson's Motmot,0.97395676,20190904.ogg,bucmot2,0.35230738
124,datasets/birdclef_2021/train_soundscapes/57610_COR_20190904.ogg,291.0,294.0,Caprimulgus macrurus,Large-tailed Nightjar,0.8913205,20190904.ogg,nocall,0.32416925
125,datasets/birdclef_2021/train_soundscapes/57610_COR_20190904.ogg,471.0,474.0,Catharus aurantiirostris,Orange-billed Nightingale-Thrush,0.8900342,20190904.ogg,obnthr1,0.45686072
126,datasets/birdclef_2021/train_soundscapes/57610_COR_20190904.ogg,477.0,480.0,Catharus aurantiirostris,Orange-billed Nightingale-Thrush,0.97255176,20190904.ogg,obnthr1,0.4970526
127,datasets/birdclef_2021/train_soundscapes/57610_COR_20190904.ogg,489.0,492.0,Catharus aurantiirostris,Orange-billed Nightingale-Thrush,0.9292935,20190904.ogg,obnthr1,0.45980945
128,datasets/birdclef_2021/train_soundscapes/57610_COR_20190904.ogg,498.0,501.0,Catharus aurantiirostris,Orange-billed Nightingale-Thrush,0.8946823,20190904.ogg,obnthr1,0.48632815
129,datasets/birdclef_2021/train_soundscapes/57610_COR_20190904.ogg,501.0,504.0,Catharus aurantiirostris,Orange-billed Nightingale-Thrush,0.87564427,20190904.ogg,obnthr1,0.31456897
130,datasets/birdclef_2021/train_soundscapes/57610_COR_20190904.ogg,507.0,510.0,Catharus aurantiirostris,Orange-billed Nightingale-Thrush,0.9691859,20190904.ogg,obnthr1,0.40663838
131,datasets/birdclef_2021/train_soundscapes/57610_COR_20190904.ogg,516.0,519.0,Catharus aurantiirostris,Orange-billed Nightingale-Thrush,0.90499717,20190904.ogg,obnthr1,0.3258345
132,datasets/birdclef_2021/train_soundscapes/57610_COR_20190904.ogg,519.0,522.0,Catharus aurantiirostris,Orange-billed Nightingale-Thrush,0.9655844,20190904.ogg,obnthr1,0.29971328
133,datasets/birdclef_2021/train_soundscapes/26709_SSW_20170701.ogg,435.0,438.0,Geothlypis trichas,Common Yellowthroat,0.8242854,20170701.ogg,comyel,0.35904565
134,datasets/birdclef_2021/train_soundscapes/26709_SSW_20170701.ogg,459.0,462.0,Geothlypis trichas,Common Yellowthroat,0.821659,20170701.ogg,comyel,0.35178873
135,datasets/birdclef_2021/train_soundscapes/26709_SSW_20170701.ogg,471.0,474.0,Geothlypis trichas,Common Yellowthroat,0.84868646,20170701.ogg,comyel,0.31802568
136,datasets/birdclef_2021/train_soundscapes/26746_COR_20191004.ogg,0.0,3.0,Basileuterus rufifrons,Rufous-capped Warbler,0.85809946,20191004.ogg,rucwar,0.33201867
137,datasets/birdclef_2021/train_soundscapes/26746_COR_20191004.ogg,3.0,6.0,Megarynchus pitangua,Boat-billed Flycatcher,0.98400754,20191004.ogg,bobfly1,0.34771717
138,datasets/birdclef_2021/train_soundscapes/26746_COR_20191004.ogg,6.0,9.0,Megarynchus pitangua,Boat-billed Flycatcher,0.826,20191004.ogg,bobfly1,0.33153033
139,datasets/birdclef_2021/train_soundscapes/26746_COR_20191004.ogg,9.0,12.0,Megarynchus pitangua,Boat-billed Flycatcher,0.99806696,20191004.ogg,bobfly1,0.23638783
140,datasets/birdclef_2021/train_soundscapes/26746_COR_20191004.ogg,15.0,18.0,Basileuterus rufifrons,Rufous-capped Warbler,0.93677723,20191004.ogg,rucwar,0.22428998
141,datasets/birdclef_2021/train_soundscapes/26746_COR_20191004.ogg,18.0,21.0,Basileuterus rufifrons,Rufous-capped Warbler,0.832243,20191004.ogg,rucwar,0.29938143
142,datasets/birdclef_2021/train_soundscapes/26746_COR_20191004.ogg,24.0,27.0,Megarynchus pitangua,Boat-billed Flycatcher,0.9734389,20191004.ogg,bobfly1,0.2819377
143,datasets/birdclef_2021/train_soundscapes/26746_COR_20191004.ogg,27.0,30.0,Megarynchus pitangua,Boat-billed Flycatcher,0.8775701,20191004.ogg,bobfly1,0.2684149
144,datasets/birdclef_2021/train_soundscapes/26746_COR_20191004.ogg,30.0,33.0,Megarynchus pitangua,Boat-billed Flycatcher,0.9904612,20191004.ogg,bobfly1,0.2799725
145,datasets/birdclef_2021/train_soundscapes/26746_COR_20191004.ogg,33.0,36.0,Basileuterus rufifrons,Rufous-capped Warbler,0.8023631,20191004.ogg,rucwar,0.35270804
146,datasets/birdclef_2021/train_soundscapes/26746_COR_20191004.ogg,39.0,42.0,Basileuterus rufifrons,Rufous-capped Warbler,0.9214721,20191004.ogg,rucwar,0.25231865
147,datasets/birdclef_2021/train_soundscapes/26746_COR_20191004.ogg,45.0,48.0,Basileuterus rufifrons,Rufous-capped Warbler,0.945318,20191004.ogg,rucwar,0.26257294
148,datasets/birdclef_2021/train_soundscapes/26746_COR_20191004.ogg,48.0,51.0,Megarynchus pitangua,Boat-billed Flycatcher,0.8986826,20191004.ogg,bobfly1,0.30719838
149,datasets/birdclef_2021/train_soundscapes/26746_COR_20191004.ogg,51.0,54.0,Megarynchus pitangua,Boat-billed Flycatcher,0.9977301,20191004.ogg,bobfly1,0.2998833
150,datasets/birdclef_2021/train_soundscapes/26746_COR_20191004.ogg,57.0,60.0,Megarynchus pitangua,Boat-billed Flycatcher,0.83441985,20191004.ogg,bobfly1,0.29001245
151,datasets/birdclef_2021/train_soundscapes/26746_COR_20191004.ogg,63.0,66.0,Megarynchus pitangua,Boat-billed Flycatcher,0.95596325,20191004.ogg,bobfly1,0.30236024
152,datasets/birdclef_2021/train_soundscapes/26746_COR_20191004.ogg,66.0,69.0,Basileuterus rufifrons,Rufous-capped Warbler,0.960234,20191004.ogg,rucwar,0.30670604
153,datasets/birdclef_2021/train_soundscapes/26746_COR_20191004.ogg,72.0,75.0,Basileuterus rufifrons,Rufous-capped Warbler,0.8132556,20191004.ogg,rucwar,0.3030587
154,datasets/birdclef_2021/train_soundscapes/26746_COR_20191004.ogg,78.0,81.0,Basileuterus rufifrons,Rufous-capped Warbler,0.9193516,20191004.ogg,rucwar,0.2995344
155,datasets/birdclef_2021/train_soundscapes/26746_COR_20191004.ogg,87.0,90.0,Megarynchus pitangua,Boat-billed Flycatcher,0.93120575,20191004.ogg,bobfly1,0.30090228
156,datasets/birdclef_2021/train_soundscapes/26746_COR_20191004.ogg,96.0,99.0,Apus apus,Common Swift,0.8860347,20191004.ogg,nocall,0.29958567
157,datasets/birdclef_2021/train_soundscapes/26746_COR_20191004.ogg,114.0,117.0,Megarynchus pitangua,Boat-billed Flycatcher,0.9804068,20191004.ogg,bobfly1,0.29375842
158,datasets/birdclef_2021/train_soundscapes/26746_COR_20191004.ogg,117.0,120.0,Megarynchus pitangua,Boat-billed Flycatcher,0.9933149,20191004.ogg,bobfly1,0.28084564
159,datasets/birdclef_2021/train_soundscapes/26746_COR_20191004.ogg,120.0,123.0,Megarynchus pitangua,Boat-billed Flycatcher,0.85415393,20191004.ogg,bobfly1,0.28356075
160,datasets/birdclef_2021/train_soundscapes/26746_COR_20191004.ogg,126.0,129.0,Basileuterus rufifrons,Rufous-capped Warbler,0.9694233,20191004.ogg,rucwar,0.29537937
161,datasets/birdclef_2021/train_soundscapes/26746_COR_20191004.ogg,129.0,132.0,Megarynchus pitangua,Boat-billed Flycatcher,0.97046745,20191004.ogg,bobfly1,0.2958232
162,datasets/birdclef_2021/train_soundscapes/26746_COR_20191004.ogg,135.0,138.0,Megarynchus pitangua,Boat-billed Flycatcher,0.80136776,20191004.ogg,bobfly1,0.28985634
163,datasets/birdclef_2021/train_soundscapes/26746_COR_20191004.ogg,168.0,171.0,Basileuterus rufifrons,Rufous-capped Warbler,0.8338697,20191004.ogg,rucwar,0.27678946
164,datasets/birdclef_2021/train_soundscapes/26746_COR_20191004.ogg,171.0,174.0,Basileuterus rufifrons,Rufous-capped Warbler,0.85885125,20191004.ogg,rucwar,0.26630345
165,datasets/birdclef_2021/train_soundscapes/26746_COR_20191004.ogg,177.0,180.0,Basileuterus rufifrons,Rufous-capped Warbler,0.860262,20191004.ogg,rucwar,0.28062925
166,datasets/birdclef_2021/train_soundscapes/26746_COR_20191004.ogg,180.0,183.0,Basileuterus rufifrons,Rufous-capped Warbler,0.9275381,20191004.ogg,rucwar,0.29503733
167,datasets/birdclef_2021/train_soundscapes/26746_COR_20191004.ogg,183.0,186.0,Basileuterus rufifrons,Rufous-capped Warbler,0.8598142,20191004.ogg,rucwar,0.2912304
168,datasets/birdclef_2021/train_soundscapes/26746_COR_20191004.ogg,186.0,189.0,Basileuterus rufifrons,Rufous-capped Warbler,0.97266495,20191004.ogg,rucwar,0.2935905
169,datasets/birdclef_2021/train_soundscapes/26746_COR_20191004.ogg,192.0,195.0,Basileuterus rufifrons,Rufous-capped Warbler,0.93206763,20191004.ogg,rucwar,0.28826946
170,datasets/birdclef_2021/train_soundscapes/26746_COR_20191004.ogg,228.0,231.0,Megarynchus pitangua,Boat-billed Flycatcher,0.9673391,20191004.ogg,bobfly1,0.2925133
171,datasets/birdclef_2021/train_soundscapes/26746_COR_20191004.ogg,309.0,312.0,Megarynchus pitangua,Boat-billed Flycatcher,0.8603104,20191004.ogg,bobfly1,0.2768259
172,datasets/birdclef_2021/train_soundscapes/26746_COR_20191004.ogg,318.0,321.0,Megarynchus pitangua,Boat-billed Flycatcher,0.9607972,20191004.ogg,bobfly1,0.28883365
173,datasets/birdclef_2021/train_soundscapes/26746_COR_20191004.ogg,354.0,357.0,Megarynchus pitangua,Boat-billed Flycatcher,0.94248515,20191004.ogg,bobfly1,0.29393852
174,datasets/birdclef_2021/train_soundscapes/44957_COR_20190923.ogg,12.0,15.0,Megarynchus pitangua,Boat-billed Flycatcher,0.88764536,20190923.ogg,bobfly1,0.29308987
175,datasets/birdclef_2021/train_soundscapes/44957_COR_20190923.ogg,18.0,21.0,Megarynchus pitangua,Boat-billed Flycatcher,0.98647517,20190923.ogg,bobfly1,0.29042843
176,datasets/birdclef_2021/train_soundscapes/44957_COR_20190923.ogg,21.0,24.0,Megarynchus pitangua,Boat-billed Flycatcher,0.98720145,20190923.ogg,bobfly1,0.29883718
177,datasets/birdclef_2021/train_soundscapes/44957_COR_20190923.ogg,27.0,30.0,Megarynchus pitangua,Boat-billed Flycatcher,0.9990113,20190923.ogg,bobfly1,0.27915636
178,datasets/birdclef_2021/train_soundscapes/44957_COR_20190923.ogg,36.0,39.0,Megarynchus pitangua,Boat-billed Flycatcher,0.9996542,20190923.ogg,bobfly1,0.2845568
179,datasets/birdclef_2021/train_soundscapes/44957_COR_20190923.ogg,42.0,45.0,Megarynchus pitangua,Boat-billed Flycatcher,0.9732838,20190923.ogg,bobfly1,0.27952793
180,datasets/birdclef_2021/train_soundscapes/44957_COR_20190923.ogg,51.0,54.0,Megarynchus pitangua,Boat-billed Flycatcher,0.9140492,20190923.ogg,bobfly1,0.2903596
181,datasets/birdclef_2021/train_soundscapes/44957_COR_20190923.ogg,57.0,60.0,Megarynchus pitangua,Boat-billed Flycatcher,0.97370195,20190923.ogg,bobfly1,0.2813013
182,datasets/birdclef_2021/train_soundscapes/44957_COR_20190923.ogg,60.0,63.0,Megarynchus pitangua,Boat-billed Flycatcher,0.9611507,20190923.ogg,bobfly1,0.29157406
183,datasets/birdclef_2021/train_soundscapes/44957_COR_20190923.ogg,63.0,66.0,Megarynchus pitangua,Boat-billed Flycatcher,0.9418273,20190923.ogg,bobfly1,0.2805675
184,datasets/birdclef_2021/train_soundscapes/44957_COR_20190923.ogg,66.0,69.0,Megarynchus pitangua,Boat-billed Flycatcher,0.9993591,20190923.ogg,bobfly1,0.2862148
185,datasets/birdclef_2021/train_soundscapes/44957_COR_20190923.ogg,69.0,72.0,Megarynchus pitangua,Boat-billed Flycatcher,0.9960355,20190923.ogg,bobfly1,0.29344752
186,datasets/birdclef_2021/train_soundscapes/44957_COR_20190923.ogg,72.0,75.0,Megarynchus pitangua,Boat-billed Flycatcher,0.9908187,20190923.ogg,bobfly1,0.28946123
187,datasets/birdclef_2021/train_soundscapes/44957_COR_20190923.ogg,75.0,78.0,Megarynchus pitangua,Boat-billed Flycatcher,0.9143174,20190923.ogg,bobfly1,0.30030087
188,datasets/birdclef_2021/train_soundscapes/44957_COR_20190923.ogg,81.0,84.0,Megarynchus pitangua,Boat-billed Flycatcher,0.81553614,20190923.ogg,bobfly1,0.33016777
189,datasets/birdclef_2021/train_soundscapes/44957_COR_20190923.ogg,93.0,96.0,Megarynchus pitangua,Boat-billed Flycatcher,0.98929405,20190923.ogg,bobfly1,0.29757062
190,datasets/birdclef_2021/train_soundscapes/44957_COR_20190923.ogg,114.0,117.0,Pitangus sulphuratus,Great Kiskadee,0.93275076,20190923.ogg,grekis,0.31432295
191,datasets/birdclef_2021/train_soundscapes/44957_COR_20190923.ogg,201.0,204.0,Megarynchus pitangua,Boat-billed Flycatcher,0.824222,20190923.ogg,bobfly1,0.3109355
192,datasets/birdclef_2021/train_soundscapes/44957_COR_20190923.ogg,234.0,237.0,Megarynchus pitangua,Boat-billed Flycatcher,0.82513446,20190923.ogg,bobfly1,0.3076115
193,datasets/birdclef_2021/train_soundscapes/44957_COR_20190923.ogg,252.0,255.0,Megarynchus pitangua,Boat-billed Flycatcher,0.9818491,20190923.ogg,bobfly1,0.31638137
194,datasets/birdclef_2021/train_soundscapes/44957_COR_20190923.ogg,258.0,261.0,Megarynchus pitangua,Boat-billed Flycatcher,0.9926109,20190923.ogg,bobfly1,0.31680804
195,datasets/birdclef_2021/train_soundscapes/44957_COR_20190923.ogg,264.0,267.0,Megarynchus pitangua,Boat-billed Flycatcher,0.8800444,20190923.ogg,bobfly1,0.32176182
196,datasets/birdclef_2021/train_soundscapes/44957_COR_20190923.ogg,282.0,285.0,Megarynchus pitangua,Boat-billed Flycatcher,0.9241068,20190923.ogg,bobfly1,0.33716497
197,datasets/birdclef_2021/train_soundscapes/44957_COR_20190923.ogg,288.0,291.0,Megarynchus pitangua,Boat-billed Flycatcher,0.99433017,20190923.ogg,bobfly1,0.31662476
198,datasets/birdclef_2021/train_soundscapes/44957_COR_20190923.ogg,291.0,294.0,Megarynchus pitangua,Boat-billed Flycatcher,0.9162424,20190923.ogg,bobfly1,0.31701666
199,datasets/birdclef_2021/train_soundscapes/44957_COR_20190923.ogg,294.0,297.0,Megarynchus pitangua,Boat-billed Flycatcher,0.9869761,20190923.ogg,bobfly1,0.31517467
200,datasets/birdclef_2021/train_soundscapes/44957_COR_20190923.ogg,306.0,309.0,Megarynchus pitangua,Boat-billed Flycatcher,0.9239507,20190923.ogg,bobfly1,0.3134943
201,datasets/birdclef_2021/train_soundscapes/44957_COR_20190923.ogg,381.0,384.0,Megarynchus pitangua,Boat-billed Flycatcher,0.9582557,20190923.ogg,bobfly1,0.31217423
202,datasets/birdclef_2021/train_soundscapes/44957_COR_20190923.ogg,393.0,396.0,Megarynchus pitangua,Boat-billed Flycatcher,0.9781563,20190923.ogg,bobfly1,0.3152405
203,datasets/birdclef_2021/train_soundscapes/44957_COR_20190923.ogg,399.0,402.0,Megarynchus pitangua,Boat-billed Flycatcher,0.9507319,20190923.ogg,bobfly1,0.2710654
204,datasets/birdclef_2021/train_soundscapes/44957_COR_20190923.ogg,411.0,414.0,Megarynchus pitangua,Boat-billed Flycatcher,0.9949995,20190923.ogg,bobfly1,0.2854736
205,datasets/birdclef_2021/train_soundscapes/44957_COR_20190923.ogg,414.0,417.0,Megarynchus pitangua,Boat-billed Flycatcher,0.9872705,20190923.ogg,bobfly1,0.2870437
206,datasets/birdclef_2021/train_soundscapes/44957_COR_20190923.ogg,417.0,420.0,Megarynchus pitangua,Boat-billed Flycatcher,0.9705616,20190923.ogg,bobfly1,0.30415025
207,datasets/birdclef_2021/train_soundscapes/44957_COR_20190923.ogg,426.0,429.0,Megarynchus pitangua,Boat-billed Flycatcher,0.9815336,20190923.ogg,bobfly1,0.305185
208,datasets/birdclef_2021/train_soundscapes/44957_COR_20190923.ogg,429.0,432.0,Megarynchus pitangua,Boat-billed Flycatcher,0.9958819,20190923.ogg,bobfly1,0.29440242
209,datasets/birdclef_2021/train_soundscapes/44957_COR_20190923.ogg,432.0,435.0,Megarynchus pitangua,Boat-billed Flycatcher,0.9793832,20190923.ogg,bobfly1,0.29627246
210,datasets/birdclef_2021/train_soundscapes/44957_COR_20190923.ogg,459.0,462.0,Megarynchus pitangua,Boat-billed Flycatcher,0.97446465,20190923.ogg,bobfly1,0.31553733
211,datasets/birdclef_2021/train_soundscapes/44957_COR_20190923.ogg,462.0,465.0,Megarynchus pitangua,Boat-billed Flycatcher,0.9853982,20190923.ogg,bobfly1,0.30456787
212,datasets/birdclef_2021/train_soundscapes/44957_COR_20190923.ogg,465.0,468.0,Megarynchus pitangua,Boat-billed Flycatcher,0.9586899,20190923.ogg,bobfly1,0.30722034
213,datasets/birdclef_2021/train_soundscapes/44957_COR_20190923.ogg,570.0,573.0,Psilorhinus morio,Brown Jay,0.86729956,20190923.ogg,brnjay,0.3190005
214,datasets/birdclef_2021/train_soundscapes/44957_COR_20190923.ogg,573.0,576.0,Psilorhinus morio,Brown Jay,0.9814886,20190923.ogg,brnjay,0.3019897
215,datasets/birdclef_2021/train_soundscapes/44957_COR_20190923.ogg,576.0,579.0,Psilorhinus morio,Brown Jay,0.9976738,20190923.ogg,brnjay,0.30523613
216,datasets/birdclef_2021/train_soundscapes/44957_COR_20190923.ogg,588.0,591.0,Megarynchus pitangua,Boat-billed Flycatcher,0.8061929,20190923.ogg,bobfly1,0.3224919
217,datasets/birdclef_2021/train_soundscapes/11254_COR_20190904.ogg,0.0,3.0,Pheugopedius rutilus,Rufous-breasted Wren,0.8056017,20190904.ogg,rubwre1,0.31018275
218,datasets/birdclef_2021/train_soundscapes/11254_COR_20190904.ogg,135.0,138.0,Catharus aurantiirostris,Orange-billed Nightingale-Thrush,0.9490477,20190904.ogg,obnthr1,0.30772167
219,datasets/birdclef_2021/train_soundscapes/11254_COR_20190904.ogg,141.0,144.0,Catharus aurantiirostris,Orange-billed Nightingale-Thrush,0.84339607,20190904.ogg,obnthr1,0.31497955
220,datasets/birdclef_2021/train_soundscapes/11254_COR_20190904.ogg,144.0,147.0,Catharus aurantiirostris,Orange-billed Nightingale-Thrush,0.9044111,20190904.ogg,obnthr1,0.3293795
221,datasets/birdclef_2021/train_soundscapes/11254_COR_20190904.ogg,150.0,153.0,Catharus aurantiirostris,Orange-billed Nightingale-Thrush,0.95183754,20190904.ogg,obnthr1,0.31840655
222,datasets/birdclef_2021/train_soundscapes/11254_COR_20190904.ogg,156.0,159.0,Catharus aurantiirostris,Orange-billed Nightingale-Thrush,0.9076855,20190904.ogg,obnthr1,0.30415323
223,datasets/birdclef_2021/train_soundscapes/11254_COR_20190904.ogg,162.0,165.0,Catharus aurantiirostris,Orange-billed Nightingale-Thrush,0.95953345,20190904.ogg,obnthr1,0.31942984
224,datasets/birdclef_2021/train_soundscapes/11254_COR_20190904.ogg,276.0,279.0,Psilorhinus morio,Brown Jay,0.88578266,20190904.ogg,brnjay,0.33372492
225,datasets/birdclef_2021/train_soundscapes/11254_COR_20190904.ogg,513.0,516.0,Pheugopedius rutilus,Rufous-breasted Wren,0.925257,20190904.ogg,rubwre1,0.3119117
226,datasets/birdclef_2021/train_soundscapes/11254_COR_20190904.ogg,516.0,519.0,Pheugopedius rutilus,Rufous-breasted Wren,0.9514656,20190904.ogg,rubwre1,0.33272073
227,datasets/birdclef_2021/train_soundscapes/51010_SSW_20170513.ogg,414.0,417.0,Dumetella carolinensis,Gray Catbird,0.96983767,20170513.ogg,grycat,0.32058272
228,datasets/birdclef_2021/train_soundscapes/51010_SSW_20170513.ogg,432.0,435.0,Dumetella carolinensis,Gray Catbird,0.82554126,20170513.ogg,grycat,0.3198361
229,datasets/birdclef_2021/train_soundscapes/21767_COR_20190904.ogg,0.0,3.0,Basileuterus rufifrons,Rufous-capped Warbler,0.8342938,20190904.ogg,rucwar,0.31829062
230,datasets/birdclef_2021/train_soundscapes/21767_COR_20190904.ogg,9.0,12.0,Basileuterus rufifrons,Rufous-capped Warbler,0.95117646,20190904.ogg,rucwar,0.3228586
231,datasets/birdclef_2021/train_soundscapes/21767_COR_20190904.ogg,12.0,15.0,Basileuterus rufifrons,Rufous-capped Warbler,0.9509544,20190904.ogg,rucwar,0.31896052
232,datasets/birdclef_2021/train_soundscapes/21767_COR_20190904.ogg,18.0,21.0,Basileuterus rufifrons,Rufous-capped Warbler,0.8124214,20190904.ogg,rucwar,0.32373494
233,datasets/birdclef_2021/train_soundscapes/21767_COR_20190904.ogg,27.0,30.0,Basileuterus rufifrons,Rufous-capped Warbler,0.92619956,20190904.ogg,rucwar,0.30446714
234,datasets/birdclef_2021/train_soundscapes/21767_COR_20190904.ogg,42.0,45.0,Basileuterus rufifrons,Rufous-capped Warbler,0.90626353,20190904.ogg,rucwar,0.30113503
235,datasets/birdclef_2021/train_soundscapes/21767_COR_20190904.ogg,48.0,51.0,Basileuterus rufifrons,Rufous-capped Warbler,0.87295395,20190904.ogg,rucwar,0.31969073
236,datasets/birdclef_2021/train_soundscapes/21767_COR_20190904.ogg,66.0,69.0,Basileuterus rufifrons,Rufous-capped Warbler,0.8966062,20190904.ogg,rucwar,0.31599253
237,datasets/birdclef_2021/train_soundscapes/21767_COR_20190904.ogg,75.0,78.0,Basileuterus rufifrons,Rufous-capped Warbler,0.8591887,20190904.ogg,rucwar,0.31716567
238,datasets/birdclef_2021/train_soundscapes/21767_COR_20190904.ogg,96.0,99.0,Basileuterus rufifrons,Rufous-capped Warbler,0.86985666,20190904.ogg,rucwar,0.32442483
239,datasets/birdclef_2021/train_soundscapes/21767_COR_20190904.ogg,138.0,141.0,Basileuterus rufifrons,Rufous-capped Warbler,0.82420546,20190904.ogg,rucwar,0.33060983
240,datasets/birdclef_2021/train_soundscapes/21767_COR_20190904.ogg,150.0,153.0,Basileuterus rufifrons,Rufous-capped Warbler,0.98089164,20190904.ogg,rucwar,0.36966246
241,datasets/birdclef_2021/train_soundscapes/21767_COR_20190904.ogg,153.0,156.0,Basileuterus rufifrons,Rufous-capped Warbler,0.94306153,20190904.ogg,rucwar,0.32815802
242,datasets/birdclef_2021/train_soundscapes/21767_COR_20190904.ogg,156.0,159.0,Basileuterus rufifrons,Rufous-capped Warbler,0.97220343,20190904.ogg,rucwar,0.27351752
243,datasets/birdclef_2021/train_soundscapes/21767_COR_20190904.ogg,162.0,165.0,Basileuterus rufifrons,Rufous-capped Warbler,0.8603554,20190904.ogg,rucwar,0.30886263
244,datasets/birdclef_2021/train_soundscapes/21767_COR_20190904.ogg,165.0,168.0,Basileuterus rufifrons,Rufous-capped Warbler,0.9524999,20190904.ogg,rucwar,0.3214875
245,datasets/birdclef_2021/train_soundscapes/21767_COR_20190904.ogg,168.0,171.0,Basileuterus rufifrons,Rufous-capped Warbler,0.92148936,20190904.ogg,rucwar,0.2599505
246,datasets/birdclef_2021/train_soundscapes/21767_COR_20190904.ogg,171.0,174.0,Basileuterus rufifrons,Rufous-capped Warbler,0.88568187,20190904.ogg,rucwar,0.3235514
247,datasets/birdclef_2021/train_soundscapes/21767_COR_20190904.ogg,174.0,177.0,Basileuterus rufifrons,Rufous-capped Warbler,0.8959065,20190904.ogg,rucwar,0.3341739
248,datasets/birdclef_2021/train_soundscapes/21767_COR_20190904.ogg,177.0,180.0,Basileuterus rufifrons,Rufous-capped Warbler,0.9839504,20190904.ogg,rucwar,0.33035555
249,datasets/birdclef_2021/train_soundscapes/21767_COR_20190904.ogg,183.0,186.0,Basileuterus rufifrons,Rufous-capped Warbler,0.95109063,20190904.ogg,rucwar,0.34578452
250,datasets/birdclef_2021/train_soundscapes/21767_COR_20190904.ogg,186.0,189.0,Basileuterus rufifrons,Rufous-capped Warbler,0.9529429,20190904.ogg,rucwar,0.32318455
251,datasets/birdclef_2021/train_soundscapes/21767_COR_20190904.ogg,192.0,195.0,Basileuterus rufifrons,Rufous-capped Warbler,0.85479146,20190904.ogg,rucwar,0.32067648
252,datasets/birdclef_2021/train_soundscapes/21767_COR_20190904.ogg,195.0,198.0,Basileuterus rufifrons,Rufous-capped Warbler,0.9784063,20190904.ogg,rucwar,0.2581907
253,datasets/birdclef_2021/train_soundscapes/21767_COR_20190904.ogg,210.0,213.0,Basileuterus rufifrons,Rufous-capped Warbler,0.82913744,20190904.ogg,rucwar,0.260784
254,datasets/birdclef_2021/train_soundscapes/21767_COR_20190904.ogg,219.0,222.0,Basileuterus rufifrons,Rufous-capped Warbler,0.9104614,20190904.ogg,rucwar,0.26292142
255,datasets/birdclef_2021/train_soundscapes/21767_COR_20190904.ogg,228.0,231.0,Basileuterus rufifrons,Rufous-capped Warbler,0.9193479,20190904.ogg,rucwar,0.2584717
256,datasets/birdclef_2021/train_soundscapes/21767_COR_20190904.ogg,243.0,246.0,Dives dives,Melodious Blackbird,0.81720805,20190904.ogg,melbla1,0.28576332
257,datasets/birdclef_2021/train_soundscapes/21767_COR_20190904.ogg,246.0,249.0,Dives dives,Melodious Blackbird,0.88121897,20190904.ogg,melbla1,0.21996614
258,datasets/birdclef_2021/train_soundscapes/21767_COR_20190904.ogg,345.0,348.0,Campylorhynchus rufinucha,Rufous-naped Wren,0.9145714,20190904.ogg,runwre1,0.2177738
259,datasets/birdclef_2021/train_soundscapes/21767_COR_20190904.ogg,348.0,351.0,Campylorhynchus rufinucha,Rufous-naped Wren,0.8921485,20190904.ogg,runwre1,0.29649803
260,datasets/birdclef_2021/train_soundscapes/21767_COR_20190904.ogg,351.0,354.0,Campylorhynchus rufinucha,Rufous-naped Wren,0.947836,20190904.ogg,runwre1,0.28298825
261,datasets/birdclef_2021/train_soundscapes/21767_COR_20190904.ogg,366.0,369.0,Pionus senilis,White-crowned Parrot,0.9586695,20190904.ogg,whcpar,0.24662198
262,datasets/birdclef_2021/train_soundscapes/21767_COR_20190904.ogg,372.0,375.0,Pionus senilis,White-crowned Parrot,0.8110361,20190904.ogg,whcpar,0.32056135
263,datasets/birdclef_2021/train_soundscapes/21767_COR_20190904.ogg,375.0,378.0,Basileuterus rufifrons,Rufous-capped Warbler,0.82161427,20190904.ogg,rucwar,0.31987277
264,datasets/birdclef_2021/train_soundscapes/21767_COR_20190904.ogg,411.0,414.0,Basileuterus rufifrons,Rufous-capped Warbler,0.94290626,20190904.ogg,rucwar,0.31723094
265,datasets/birdclef_2021/train_soundscapes/21767_COR_20190904.ogg,414.0,417.0,Basileuterus rufifrons,Rufous-capped Warbler,0.8661983,20190904.ogg,rucwar,0.32982567
266,datasets/birdclef_2021/train_soundscapes/21767_COR_20190904.ogg,417.0,420.0,Basileuterus rufifrons,Rufous-capped Warbler,0.90609145,20190904.ogg,rucwar,0.31889454
267,datasets/birdclef_2021/train_soundscapes/21767_COR_20190904.ogg,420.0,423.0,Basileuterus rufifrons,Rufous-capped Warbler,0.9540652,20190904.ogg,rucwar,0.31003922
268,datasets/birdclef_2021/train_soundscapes/21767_COR_20190904.ogg,432.0,435.0,Campylorhynchus rufinucha,Rufous-naped Wren,0.82043076,20190904.ogg,runwre1,0.30937403
269,datasets/birdclef_2021/train_soundscapes/21767_COR_20190904.ogg,441.0,444.0,Basileuterus rufifrons,Rufous-capped Warbler,0.94291717,20190904.ogg,rucwar,0.30718815
270,datasets/birdclef_2021/train_soundscapes/21767_COR_20190904.ogg,453.0,456.0,Basileuterus rufifrons,Rufous-capped Warbler,0.8632799,20190904.ogg,rucwar,0.3049674
271,datasets/birdclef_2021/train_soundscapes/21767_COR_20190904.ogg,468.0,471.0,Basileuterus rufifrons,Rufous-capped Warbler,0.87859786,20190904.ogg,rucwar,0.32496262
272,datasets/birdclef_2021/train_soundscapes/21767_COR_20190904.ogg,474.0,477.0,Melanerpes hoffmannii,Hoffmann's Woodpecker,0.9224629,20190904.ogg,hofwoo1,0.3223824
273,datasets/birdclef_2021/train_soundscapes/21767_COR_20190904.ogg,477.0,480.0,Basileuterus rufifrons,Rufous-capped Warbler,0.87344813,20190904.ogg,rucwar,0.32504544
274,datasets/birdclef_2021/train_soundscapes/21767_COR_20190904.ogg,483.0,486.0,Basileuterus rufifrons,Rufous-capped Warbler,0.85082763,20190904.ogg,rucwar,0.2976858
275,datasets/birdclef_2021/train_soundscapes/21767_COR_20190904.ogg,486.0,489.0,Basileuterus rufifrons,Rufous-capped Warbler,0.9046684,20190904.ogg,rucwar,0.30200404
276,datasets/birdclef_2021/train_soundscapes/21767_COR_20190904.ogg,489.0,492.0,Basileuterus rufifrons,Rufous-capped Warbler,0.91986924,20190904.ogg,rucwar,0.29798597
277,datasets/birdclef_2021/train_soundscapes/21767_COR_20190904.ogg,552.0,555.0,Campylorhynchus rufinucha,Rufous-naped Wren,0.98702604,20190904.ogg,runwre1,0.31439707
278,datasets/birdclef_2021/train_soundscapes/21767_COR_20190904.ogg,588.0,591.0,Basileuterus rufifrons,Rufous-capped Warbler,0.85718447,20190904.ogg,rucwar,0.30650312
279,datasets/birdclef_2021/train_soundscapes/21767_COR_20190904.ogg,597.0,600.0,Basileuterus rufifrons,Rufous-capped Warbler,0.92366254,20190904.ogg,rucwar,0.3099118
280,datasets/birdclef_2021/train_soundscapes/18003_COR_20190904.ogg,0.0,3.0,Basileuterus rufifrons,Rufous-capped Warbler,0.9239612,20190904.ogg,rucwar,0.3135452
281,datasets/birdclef_2021/train_soundscapes/18003_COR_20190904.ogg,18.0,21.0,Basileuterus rufifrons,Rufous-capped Warbler,0.9402767,20190904.ogg,rucwar,0.29943848
282,datasets/birdclef_2021/train_soundscapes/18003_COR_20190904.ogg,21.0,24.0,Basileuterus rufifrons,Rufous-capped Warbler,0.96902585,20190904.ogg,rucwar,0.31472844
283,datasets/birdclef_2021/train_soundscapes/18003_COR_20190904.ogg,27.0,30.0,Basileuterus rufifrons,Rufous-capped Warbler,0.9173471,20190904.ogg,rucwar,0.30101046
284,datasets/birdclef_2021/train_soundscapes/18003_COR_20190904.ogg,30.0,33.0,Basileuterus rufifrons,Rufous-capped Warbler,0.9273034,20190904.ogg,rucwar,0.31177166
285,datasets/birdclef_2021/train_soundscapes/18003_COR_20190904.ogg,33.0,36.0,Basileuterus rufifrons,Rufous-capped Warbler,0.97088784,20190904.ogg,rucwar,0.32156914
286,datasets/birdclef_2021/train_soundscapes/18003_COR_20190904.ogg,36.0,39.0,Basileuterus rufifrons,Rufous-capped Warbler,0.97729254,20190904.ogg,rucwar,0.29447612
287,datasets/birdclef_2021/train_soundscapes/18003_COR_20190904.ogg,42.0,45.0,Basileuterus rufifrons,Rufous-capped Warbler,0.85746837,20190904.ogg,rucwar,0.31769553
288,datasets/birdclef_2021/train_soundscapes/18003_COR_20190904.ogg,63.0,66.0,Basileuterus rufifrons,Rufous-capped Warbler,0.96153235,20190904.ogg,rucwar,0.3191982
289,datasets/birdclef_2021/train_soundscapes/18003_COR_20190904.ogg,135.0,138.0,Basileuterus rufifrons,Rufous-capped Warbler,0.979954,20190904.ogg,rucwar,0.32903835
290,datasets/birdclef_2021/train_soundscapes/18003_COR_20190904.ogg,138.0,141.0,Basileuterus rufifrons,Rufous-capped Warbler,0.8770854,20190904.ogg,rucwar,0.29923165
291,datasets/birdclef_2021/train_soundscapes/18003_COR_20190904.ogg,141.0,144.0,Basileuterus rufifrons,Rufous-capped Warbler,0.88464296,20190904.ogg,rucwar,0.3042051
292,datasets/birdclef_2021/train_soundscapes/18003_COR_20190904.ogg,144.0,147.0,Basileuterus rufifrons,Rufous-capped Warbler,0.9747287,20190904.ogg,rucwar,0.30179638
293,datasets/birdclef_2021/train_soundscapes/18003_COR_20190904.ogg,147.0,150.0,Basileuterus rufifrons,Rufous-capped Warbler,0.91472167,20190904.ogg,rucwar,0.2678916
294,datasets/birdclef_2021/train_soundscapes/18003_COR_20190904.ogg,150.0,153.0,Basileuterus rufifrons,Rufous-capped Warbler,0.9657246,20190904.ogg,rucwar,0.3184844
295,datasets/birdclef_2021/train_soundscapes/18003_COR_20190904.ogg,153.0,156.0,Basileuterus rufifrons,Rufous-capped Warbler,0.9113845,20190904.ogg,rucwar,0.31894764
296,datasets/birdclef_2021/train_soundscapes/18003_COR_20190904.ogg,156.0,159.0,Basileuterus rufifrons,Rufous-capped Warbler,0.9517342,20190904.ogg,rucwar,0.32388273
297,datasets/birdclef_2021/train_soundscapes/18003_COR_20190904.ogg,159.0,162.0,Basileuterus rufifrons,Rufous-capped Warbler,0.9562724,20190904.ogg,rucwar,0.32059568
298,datasets/birdclef_2021/train_soundscapes/18003_COR_20190904.ogg,162.0,165.0,Basileuterus rufifrons,Rufous-capped Warbler,0.9670932,20190904.ogg,rucwar,0.30762565
299,datasets/birdclef_2021/train_soundscapes/18003_COR_20190904.ogg,165.0,168.0,Basileuterus rufifrons,Rufous-capped Warbler,0.95944226,20190904.ogg,rucwar,0.29710734
300,datasets/birdclef_2021/train_soundscapes/18003_COR_20190904.ogg,168.0,171.0,Basileuterus rufifrons,Rufous-capped Warbler,0.9422224,20190904.ogg,rucwar,0.32286277
301,datasets/birdclef_2021/train_soundscapes/18003_COR_20190904.ogg,171.0,174.0,Basileuterus rufifrons,Rufous-capped Warbler,0.9636311,20190904.ogg,rucwar,0.31110963
302,datasets/birdclef_2021/train_soundscapes/18003_COR_20190904.ogg,174.0,177.0,Basileuterus rufifrons,Rufous-capped Warbler,0.922245,20190904.ogg,rucwar,0.32004452
303,datasets/birdclef_2021/train_soundscapes/18003_COR_20190904.ogg,177.0,180.0,Basileuterus rufifrons,Rufous-capped Warbler,0.99588794,20190904.ogg,rucwar,0.28509307
304,datasets/birdclef_2021/train_soundscapes/18003_COR_20190904.ogg,180.0,183.0,Basileuterus rufifrons,Rufous-capped Warbler,0.98945147,20190904.ogg,rucwar,0.29457915
305,datasets/birdclef_2021/train_soundscapes/18003_COR_20190904.ogg,183.0,186.0,Basileuterus rufifrons,Rufous-capped Warbler,0.9151849,20190904.ogg,rucwar,0.32390815
306,datasets/birdclef_2021/train_soundscapes/18003_COR_20190904.ogg,189.0,192.0,Basileuterus rufifrons,Rufous-capped Warbler,0.94226694,20190904.ogg,rucwar,0.3179479
307,datasets/birdclef_2021/train_soundscapes/18003_COR_20190904.ogg,192.0,195.0,Basileuterus rufifrons,Rufous-capped Warbler,0.9424966,20190904.ogg,rucwar,0.2806246
308,datasets/birdclef_2021/train_soundscapes/18003_COR_20190904.ogg,195.0,198.0,Basileuterus rufifrons,Rufous-capped Warbler,0.9686142,20190904.ogg,rucwar,0.31201583
309,datasets/birdclef_2021/train_soundscapes/18003_COR_20190904.ogg,198.0,201.0,Basileuterus rufifrons,Rufous-capped Warbler,0.96450335,20190904.ogg,rucwar,0.30214965
310,datasets/birdclef_2021/train_soundscapes/18003_COR_20190904.ogg,204.0,207.0,Basileuterus rufifrons,Rufous-capped Warbler,0.9863301,20190904.ogg,rucwar,0.2842209
311,datasets/birdclef_2021/train_soundscapes/18003_COR_20190904.ogg,210.0,213.0,Basileuterus rufifrons,Rufous-capped Warbler,0.98809195,20190904.ogg,rucwar,0.24849291
312,datasets/birdclef_2021/train_soundscapes/18003_COR_20190904.ogg,213.0,216.0,Basileuterus rufifrons,Rufous-capped Warbler,0.8980701,20190904.ogg,rucwar,0.28883636
313,datasets/birdclef_2021/train_soundscapes/18003_COR_20190904.ogg,216.0,219.0,Basileuterus rufifrons,Rufous-capped Warbler,0.96486205,20190904.ogg,rucwar,0.28574172
314,datasets/birdclef_2021/train_soundscapes/18003_COR_20190904.ogg,219.0,222.0,Basileuterus rufifrons,Rufous-capped Warbler,0.9156421,20190904.ogg,rucwar,0.30713797
315,datasets/birdclef_2021/train_soundscapes/18003_COR_20190904.ogg,222.0,225.0,Basileuterus rufifrons,Rufous-capped Warbler,0.97023183,20190904.ogg,rucwar,0.31024653
316,datasets/birdclef_2021/train_soundscapes/18003_COR_20190904.ogg,225.0,228.0,Basileuterus rufifrons,Rufous-capped Warbler,0.9622796,20190904.ogg,rucwar,0.28937784
317,datasets/birdclef_2021/train_soundscapes/18003_COR_20190904.ogg,228.0,231.0,Basileuterus rufifrons,Rufous-capped Warbler,0.9647879,20190904.ogg,rucwar,0.30765527
318,datasets/birdclef_2021/train_soundscapes/18003_COR_20190904.ogg,231.0,234.0,Basileuterus rufifrons,Rufous-capped Warbler,0.9670059,20190904.ogg,rucwar,0.3162047
319,datasets/birdclef_2021/train_soundscapes/18003_COR_20190904.ogg,234.0,237.0,Basileuterus rufifrons,Rufous-capped Warbler,0.8854467,20190904.ogg,rucwar,0.31801423
320,datasets/birdclef_2021/train_soundscapes/18003_COR_20190904.ogg,243.0,246.0,Basileuterus rufifrons,Rufous-capped Warbler,0.92158866,20190904.ogg,rucwar,0.31589127
321,datasets/birdclef_2021/train_soundscapes/18003_COR_20190904.ogg,246.0,249.0,Basileuterus rufifrons,Rufous-capped Warbler,0.805646,20190904.ogg,rucwar,0.30317542
322,datasets/birdclef_2021/train_soundscapes/18003_COR_20190904.ogg,252.0,255.0,Basileuterus rufifrons,Rufous-capped Warbler,0.8117498,20190904.ogg,rucwar,0.30810064
323,datasets/birdclef_2021/train_soundscapes/18003_COR_20190904.ogg,255.0,258.0,Basileuterus rufifrons,Rufous-capped Warbler,0.98371637,20190904.ogg,rucwar,0.2923663
324,datasets/birdclef_2021/train_soundscapes/18003_COR_20190904.ogg,258.0,261.0,Basileuterus rufifrons,Rufous-capped Warbler,0.9170254,20190904.ogg,rucwar,0.3163168
325,datasets/birdclef_2021/train_soundscapes/18003_COR_20190904.ogg,261.0,264.0,Basileuterus rufifrons,Rufous-capped Warbler,0.9503676,20190904.ogg,rucwar,0.28880313
326,datasets/birdclef_2021/train_soundscapes/18003_COR_20190904.ogg,267.0,270.0,Basileuterus rufifrons,Rufous-capped Warbler,0.9257692,20190904.ogg,rucwar,0.26491833
327,datasets/birdclef_2021/train_soundscapes/18003_COR_20190904.ogg,270.0,273.0,Basileuterus rufifrons,Rufous-capped Warbler,0.95855665,20190904.ogg,rucwar,0.30484253
328,datasets/birdclef_2021/train_soundscapes/18003_COR_20190904.ogg,273.0,276.0,Basileuterus rufifrons,Rufous-capped Warbler,0.95818526,20190904.ogg,rucwar,0.3015258
329,datasets/birdclef_2021/train_soundscapes/18003_COR_20190904.ogg,279.0,282.0,Basileuterus rufifrons,Rufous-capped Warbler,0.9567439,20190904.ogg,rucwar,0.29478204
330,datasets/birdclef_2021/train_soundscapes/18003_COR_20190904.ogg,282.0,285.0,Basileuterus rufifrons,Rufous-capped Warbler,0.99477404,20190904.ogg,rucwar,0.3071353
331,datasets/birdclef_2021/train_soundscapes/18003_COR_20190904.ogg,285.0,288.0,Basileuterus rufifrons,Rufous-capped Warbler,0.99396,20190904.ogg,rucwar,0.281775
332,datasets/birdclef_2021/train_soundscapes/18003_COR_20190904.ogg,288.0,291.0,Basileuterus rufifrons,Rufous-capped Warbler,0.9297489,20190904.ogg,rucwar,0.29350406
333,datasets/birdclef_2021/train_soundscapes/18003_COR_20190904.ogg,291.0,294.0,Basileuterus rufifrons,Rufous-capped Warbler,0.94382274,20190904.ogg,rucwar,0.29984155
334,datasets/birdclef_2021/train_soundscapes/18003_COR_20190904.ogg,294.0,297.0,Basileuterus rufifrons,Rufous-capped Warbler,0.9921554,20190904.ogg,rucwar,0.27588218
335,datasets/birdclef_2021/train_soundscapes/18003_COR_20190904.ogg,297.0,300.0,Basileuterus rufifrons,Rufous-capped Warbler,0.953555,20190904.ogg,rucwar,0.2395154
336,datasets/birdclef_2021/train_soundscapes/18003_COR_20190904.ogg,300.0,303.0,Basileuterus rufifrons,Rufous-capped Warbler,0.9519579,20190904.ogg,rucwar,0.27340987
337,datasets/birdclef_2021/train_soundscapes/18003_COR_20190904.ogg,309.0,312.0,Basileuterus rufifrons,Rufous-capped Warbler,0.9843907,20190904.ogg,rucwar,0.31752384
338,datasets/birdclef_2021/train_soundscapes/18003_COR_20190904.ogg,318.0,321.0,Melanerpes hoffmannii,Hoffmann's Woodpecker,0.952543,20190904.ogg,hofwoo1,0.22752944
339,datasets/birdclef_2021/train_soundscapes/18003_COR_20190904.ogg,321.0,324.0,Basileuterus rufifrons,Rufous-capped Warbler,0.98753697,20190904.ogg,rucwar,0.3261283
340,datasets/birdclef_2021/train_soundscapes/18003_COR_20190904.ogg,327.0,330.0,Basileuterus rufifrons,Rufous-capped Warbler,0.98703706,20190904.ogg,rucwar,0.32899293
341,datasets/birdclef_2021/train_soundscapes/18003_COR_20190904.ogg,333.0,336.0,Basileuterus rufifrons,Rufous-capped Warbler,0.9788978,20190904.ogg,rucwar,0.31430665
342,datasets/birdclef_2021/train_soundscapes/18003_COR_20190904.ogg,348.0,351.0,Basileuterus rufifrons,Rufous-capped Warbler,0.9767105,20190904.ogg,rucwar,0.31003323
343,datasets/birdclef_2021/train_soundscapes/18003_COR_20190904.ogg,363.0,366.0,Basileuterus rufifrons,Rufous-capped Warbler,0.964525,20190904.ogg,rucwar,0.31830436
344,datasets/birdclef_2021/train_soundscapes/18003_COR_20190904.ogg,366.0,369.0,Basileuterus rufifrons,Rufous-capped Warbler,0.934748,20190904.ogg,rucwar,0.3184353
345,datasets/birdclef_2021/train_soundscapes/18003_COR_20190904.ogg,375.0,378.0,Basileuterus rufifrons,Rufous-capped Warbler,0.9254965,20190904.ogg,rucwar,0.30337375
346,datasets/birdclef_2021/train_soundscapes/18003_COR_20190904.ogg,378.0,381.0,Basileuterus rufifrons,Rufous-capped Warbler,0.915686,20190904.ogg,rucwar,0.21014103
347,datasets/birdclef_2021/train_soundscapes/18003_COR_20190904.ogg,381.0,384.0,Basileuterus rufifrons,Rufous-capped Warbler,0.8922114,20190904.ogg,rucwar,0.22665131
348,datasets/birdclef_2021/train_soundscapes/18003_COR_20190904.ogg,384.0,387.0,Basileuterus rufifrons,Rufous-capped Warbler,0.8773832,20190904.ogg,rucwar,0.30393687
349,datasets/birdclef_2021/train_soundscapes/18003_COR_20190904.ogg,387.0,390.0,Basileuterus rufifrons,Rufous-capped Warbler,0.9080504,20190904.ogg,rucwar,0.32223418
350,datasets/birdclef_2021/train_soundscapes/18003_COR_20190904.ogg,393.0,396.0,Basileuterus rufifrons,Rufous-capped Warbler,0.95339763,20190904.ogg,rucwar,0.3100953
351,datasets/birdclef_2021/train_soundscapes/18003_COR_20190904.ogg,420.0,423.0,Basileuterus rufifrons,Rufous-capped Warbler,0.9833451,20190904.ogg,rucwar,0.32631975
352,datasets/birdclef_2021/train_soundscapes/18003_COR_20190904.ogg,429.0,432.0,Basileuterus rufifrons,Rufous-capped Warbler,0.90633607,20190904.ogg,rucwar,0.22817072
353,datasets/birdclef_2021/train_soundscapes/18003_COR_20190904.ogg,435.0,438.0,Basileuterus rufifrons,Rufous-capped Warbler,0.9458251,20190904.ogg,rucwar,0.18237014
354,datasets/birdclef_2021/train_soundscapes/18003_COR_20190904.ogg,447.0,450.0,Basileuterus rufifrons,Rufous-capped Warbler,0.9632397,20190904.ogg,rucwar,0.22298974
355,datasets/birdclef_2021/train_soundscapes/18003_COR_20190904.ogg,450.0,453.0,Campylorhynchus rufinucha,Rufous-naped Wren,0.8040401,20190904.ogg,runwre1,0.2890793
356,datasets/birdclef_2021/train_soundscapes/18003_COR_20190904.ogg,471.0,474.0,Cantorchilus modestus,Cabanis's Wren,0.8209191,20190904.ogg,plawre1,0.2930997
357,datasets/birdclef_2021/train_soundscapes/18003_COR_20190904.ogg,483.0,486.0,Melanerpes hoffmannii,Hoffmann's Woodpecker,0.9089453,20190904.ogg,hofwoo1,0.32165682
358,datasets/birdclef_2021/train_soundscapes/18003_COR_20190904.ogg,486.0,489.0,Melanerpes hoffmannii,Hoffmann's Woodpecker,0.82946104,20190904.ogg,hofwoo1,0.3559175
359,datasets/birdclef_2021/train_soundscapes/18003_COR_20190904.ogg,492.0,495.0,Melanerpes hoffmannii,Hoffmann's Woodpecker,0.901172,20190904.ogg,hofwoo1,0.18779984
360,datasets/birdclef_2021/train_soundscapes/18003_COR_20190904.ogg,501.0,504.0,Basileuterus rufifrons,Rufous-capped Warbler,0.93221617,20190904.ogg,rucwar,0.33577102
361,datasets/birdclef_2021/train_soundscapes/18003_COR_20190904.ogg,522.0,525.0,Basileuterus rufifrons,Rufous-capped Warbler,0.802871,20190904.ogg,rucwar,0.30968887
362,datasets/birdclef_2021/train_soundscapes/18003_COR_20190904.ogg,540.0,543.0,Basileuterus rufifrons,Rufous-capped Warbler,0.8673013,20190904.ogg,rucwar,0.32433954
363,datasets/birdclef_2021/train_soundscapes/18003_COR_20190904.ogg,567.0,570.0,Basileuterus rufifrons,Rufous-capped Warbler,0.8679242,20190904.ogg,rucwar,0.32561558
364,datasets/birdclef_2021/train_soundscapes/18003_COR_20190904.ogg,579.0,582.0,Basileuterus rufifrons,Rufous-capped Warbler,0.95375675,20190904.ogg,rucwar,0.31672037
365,datasets/birdclef_2021/train_soundscapes/18003_COR_20190904.ogg,588.0,591.0,Basileuterus rufifrons,Rufous-capped Warbler,0.8877666,20190904.ogg,rucwar,0.31549072
